cookie_id,score
ck_315fb710a0e371e7,0.00013175908713786443
ck_a76ee3b3e3e522fd,0.003974031179070534
ck_94c9a4d382689e82,0.005489587708868769
ck_8eaf9509ad9462a0,1.9772935993270862e-05
ck_9a88a5a989cb5bc6,0.0015734041505643438
ck_15239ef0689c1a35,0.0016364623416252587
ck_8de69cd219d3b87f,0.9736513687718205
ck_f92cd37022b0ce21,0.00041782450381201594
ck_1a3ff7620580a514,0.0001183105235179105
ck_397c03aa33a57310,0.07390915157199227
ck_a7cf6c3b322f6b7a,0.0012395024073181468
ck_c39a9e75760e3201,0.00024442576161088383
ck_88ab6d245228c38e,7.892816177269227e-05
ck_17733f75ebdea93e,0.00019242399753375435
ck_58eb871e8d7bed52,0.012644206262022
ck_e55b7fa67db1ec27,5.5308478866906794e-05
ck_62f5cfe22c952694,0.0001831413246034893
ck_7fbb709a0fe95759,5.140221394080464e-05
ck_87abe9cd066a20fb,0.00016437874669138162
ck_d58e058b5c553dd5,0.002492891365344211
ck_d27b872648b71202,0.0008686464969183429
ck_4b4a3c5b95c55b43,2.7352883672180543e-05
ck_66dd4f4b4127256d,5.105070769623328e-05
ck_93cc12703b500613,0.10381413662098314
ck_d28806a2179092eb,0.9986472080253856
ck_0595c2a0c7881e05,0.00023220538853279744
ck_50087d8666191144,0.7248432203988914
ck_b08b3f089138c901,0.0014821379325576382
ck_fe3b67041dad2dd1,0.00012018861798211242
ck_8449a28f7d475d93,0.0007170227320823056
ck_8642e3b6d84f49d3,0.012439382012662117
ck_e49b5e4f2f2e79db,0.3572289076277607
ck_437afe412ea4259c,0.013245793300383016
ck_569b83668d74042d,0.9929043564624674
ck_233a487d31c3e631,0.9988969108618969
ck_1fca72e03143a645,0.9944585916858854
ck_79205e31223df2ad,0.010258680626275886
ck_9625a64406ea16e3,0.0005316686632258959
ck_079bd18dacb704a8,0.006216782777466407
ck_4db6d4fd2b49aa81,0.0027698328828304687
ck_0dbefdac0a1868fb,3.429398210218132e-05
ck_24ff97ad90bdd69a,0.005774811705208168
ck_77f8c5042065d506,0.0012098717102975967
ck_f11be8ce05382cec,0.00021674494366116386
ck_c9d72140b0389216,0.00019546551640545827
ck_69eda24e931fb36a,0.00019274098004524808
ck_ed471e496916ee15,3.652592366139288e-05
ck_ff090498c4b17ac3,0.0005055806994392367
ck_c3c19d6a0720915c,3.1497855082157716e-05
ck_af02e1817cfa40b5,0.0027176443883096054
ck_2df5a9fc87553eb1,0.00037134817878687536
ck_4ac918e884cff336,0.002677938085701593
ck_ca149244b54ef3ad,4.658194137331446e-06
ck_6babe5b8674ff51f,0.0011039937728172626
ck_1573878386886290,7.813554230838243e-05
ck_3925f8565abb7fe4,0.00012960744170036927
ck_c4de808ae69c771f,3.558233118501974e-05
ck_a777c813551281fe,5.5814692674873376e-05
ck_df4424f6dd85080d,0.006314693887566061
ck_85e5494ec20383ae,0.0021545198119330457
ck_f71a4094e889c3af,0.0005373198673047768
ck_f2f3cf9cd23b2809,0.001910147433860223
ck_18e2076397bcc211,0.0012538980646466032
ck_c9f9fddef39bc664,0.0008883856217226016
ck_7e826e233d6ea028,0.00012654930180880955
ck_62fd7eb46bee9210,0.0009534367065549445
ck_206f8e3cd72768f3,0.004915737349306542
ck_aa295a11b0a6ab36,0.0014438954420731653
ck_9a56739d81f84a53,9.031551127251641e-05
ck_aa075c418ed9fe5a,0.001644845250389194
ck_62b9fb3db284941b,0.0003485076373020962
ck_f4f83b1403ebea46,0.0018215032894696261
ck_16b66bd803288bc3,0.07187708356498795
ck_c4ca1434f3778f1d,0.9980303126290372
ck_1b823610371a29c0,0.00022495422080015559
ck_c2bd5a722aa637d9,0.0009153717970212542
ck_7890208951df34f0,0.004251529577058735
ck_020eb0e454524ecd,0.00018186858388502045
ck_3b66196ccf436c35,0.0006131137414013385
ck_109fc467ec0a4af5,0.012268594709863483
ck_f3dcd818db92de7b,0.0013344703593265084
ck_31e7742f160980ef,0.00047870325748984897
ck_77fce5f86f00b8f4,0.20681187413545668
ck_46bc797b4d07d607,4.550493458075959e-05
ck_37899b1b571b1c6b,0.017741720362744035
ck_ef8a6af43fedd464,2.9848121566556476e-05
ck_bcc8519fe8521038,0.0023730610237366395
ck_90696b7182dd9129,0.003554046501421425
ck_4a24ad61d017e1ba,0.0109059917209266
ck_0acc3d8c67218b9d,0.0010653242022932168
ck_05c97fc9de11aba6,0.538606411848922
ck_f8ac3a0500c0ec62,0.0005423917405085381
ck_617b65141f546a1c,0.002473216622963983
ck_9d00823bf60388d7,0.0010687422015995649
ck_123c15d93f1840f2,0.0013127877146512474
ck_573feefba6bf78bb,0.04346471362111193
ck_b25657bd16739036,0.0022935825138288356
ck_bd26d2bef14a8597,0.0016445924674025403
ck_a553418f2fba1440,0.0006106726567309981
ck_89f3e380b0686963,0.004477605207022485
ck_b359192aa659bdce,0.0013321139613722997
ck_02241f3dc301bebf,0.001628340234535279
ck_5ccc1a1c78cb33ee,0.0009584864668152926
ck_349cc5edda1b8853,0.0012945111295373337
ck_e9f228845bf6e28b,0.0360050956456058
ck_0a45d033d4e280ea,0.0019243003637582567
ck_7e63168dda612235,0.00019337453855529732
ck_676fa5f6aae5475b,9.008919129551624e-05
ck_74b502b20690ccfe,0.0038899666426015166
ck_073509af21dd7f5f,0.9350399862070696
ck_498a0acd450944d8,1.7946478334213947e-05
ck_7f15b50b29dead01,9.469591619216265e-05
ck_8089fe7403c5f537,0.00014470034569773543
ck_05b2b04e11d9ae9c,0.0007164150947425024
ck_31e70f2f04b48b88,5.852323007988986e-05
ck_994316fa5a02b319,0.00018770743136054636
ck_b76510998b9a2260,0.0007505125782272234
ck_4db95c310e105d30,9.88196615094536e-05
ck_6f730b77dc6cdb84,0.0001052713245803153
ck_2493ee8e7b91d304,0.0007516789144631349
ck_92d679d6ac7dcdcb,0.01811334460342485
ck_3a0e0200cbb185cb,0.0020164484952091594
ck_0b2eeb4e00ff7955,0.0010876076392162665
ck_9843d0e61c37ebe8,0.999375216365598
ck_e61c8721e3ef1921,0.0006614705145580788
ck_2e0eedaaf2980c2c,0.001824724580698763
ck_9036b2e5e9298a34,0.00019392598818881733
ck_3265442528d51728,0.08447149732798857
ck_f2ddae2eb1cb29b4,0.00040887222046646687
ck_6cfa71d27fc27f92,0.0047184522441801125
ck_f3199fbe84a28b9a,0.006874975031944455
ck_b78d785ca3ef773a,0.0008838919746245763
ck_374865697f1480eb,0.015326350018326473
ck_06d0e4a9189302a9,0.0007422158802619262
ck_9c9884b9bcaa552e,0.06603468787889126
ck_fd4cf578e87703ff,0.0026225439645161633
ck_1917ef3e6e345549,0.011842108349670564
ck_e70418b00cbbbac9,0.03945785238196727
ck_a60388296a47062c,0.0029048928833672128
ck_d598fe8d2c779ab9,0.00023566488288140664
ck_646dc03de4c31803,0.9552466774495368
ck_e4fd8cbd842b6993,3.491452556291438e-05
ck_2225b555aa2a42ed,0.015408269082566275
ck_6be8ae9d78148882,0.0003060454732265036
ck_4199342d3aca74e8,0.0010938104096399792
ck_779581adb573261f,0.0019344999753459601
ck_bb303568b6915205,0.14843990046076658
ck_17c4296276448afe,0.0005954541454607125
ck_a60a61ac829252a0,8.698437444121665e-05
ck_6ea70950c1cae00b,0.8047534836161402
ck_1abb93f6924645e1,0.000717396349602433
ck_faab769cce19879a,0.0128759554928513
ck_d5b8e74e7ca6355a,0.0008928799216379464
ck_f11f7691af16ad07,5.6828693900647796e-05
ck_188fdf2be7c92e9d,0.9996868399763658
ck_4a103f8254b366f7,0.0006064846717665305
ck_bfa17a0b1760e616,0.00015494930871691733
ck_a4d7f6a5869d440a,0.9907843711833708
ck_58e20f5a3e7f11b8,0.8741908607387471
ck_4becdd3d2696c7ba,0.00022429740424867898
ck_dad5cf32ab9f243f,0.00020317843716141805
ck_7d9f73dc7c4f90c3,0.0036124457012963926
ck_c19371047a2d011d,0.0003176416672887701
ck_247589ff532f7aa8,0.0010691804991268888
ck_7a9f241d5f082567,0.00012816779676982768
ck_0a2b7078736b4dda,0.000505546275606998
ck_687b412e2aac7eb6,0.027722975556269028
ck_fce0b6855886a0b8,0.000248370386665495
ck_e291cc60920456d0,0.8860794437526722
ck_04219a7ea798db51,0.0020807934921468854
ck_286bfd719836e9f3,0.005459752396207047
ck_55efc92394fee232,0.0002816751589229862
ck_e36c8da1bd359960,0.004035714776207723
ck_34b0988a97d96902,0.0004908424703465832
ck_e0fb11fc9dcb34e6,0.0031271994073347464
ck_bcc9cbc9ed8b7c31,0.0005717805295304446
ck_3df8da6f60a89a5b,0.010044784589019423
ck_b1495ee5c59a6b28,0.0008821079961931527
ck_58f4c3ac61fda129,0.01742956240319354
ck_735f244b99e3aa8d,0.0010464703093617197
ck_6b93bd8abf87b1d6,0.99899807685461
ck_12107dacc6d05bd1,2.610174149039557e-05
ck_f96db2a1f3448d1f,0.01020238263114328
ck_8fd91a3c99e19097,0.8506552424547604
ck_910205d25388a0ae,0.0001839908281980634
ck_d229dfa0e4442628,4.5744845914422195e-06
ck_7cdec61e1c488798,0.009232801074646788
ck_f66f06e24ff32671,0.0008104458728212258
ck_350bf14e90b503f5,0.00042274534125648984
ck_61fff5fdaadd394b,0.001686806716008576
ck_e934f984bad2ff91,0.9944931967651878
ck_ff6a6d3547dd2d37,0.002522416049257236
ck_65ad9b15979e3247,0.0018954702484719908
ck_bbe1a2ea5a403ad8,0.48852919742318046
ck_6f3a28eecd2c4031,0.0028649246127825418
ck_a89b66665714058f,0.00041130942634791227
ck_918c92182b6817cd,0.0033037173417189607
ck_64f5eb4be9e7b8fa,0.9830627850727268
ck_d021fd497ea35fb2,0.000371864633074513
ck_004de16f7d8a42ae,0.001876993241750997
ck_a33d2325f86ab12d,0.0004110492251780561
ck_89790ff26c844bc6,0.0028677730160133062
ck_e6e7257377c37b28,0.0077004307223267916
ck_a2cc3910a641a808,0.7007657972472533
ck_646e270e0195bf05,0.0012991512312076066
ck_baba5d66def0d770,0.054922184732056664
ck_67cdcdda3033842d,0.0046729206214217835
ck_b5c3075c811a2216,0.0003516264007862289
ck_515379973a8044b8,0.0002156011862001026
ck_c0ce85fb4109567d,0.005569491628803726
ck_fef850553862aaca,0.00010187285235490771
ck_55d7217b0aff9fa2,0.0028618475695091046
ck_8e139f8925ef7968,0.0025838088673509913
ck_9e35b908fca1e4d7,0.00019219795603742676
ck_59735f4ab2ad3da5,0.0006790527777489219
ck_dc569c1167ccec0d,0.994062090945313
ck_1dade5592f90a15c,0.001131113011475473
ck_793048d11fb8b328,0.008759029774658842
ck_545b71eb4fa594b5,8.773559927983302e-05
ck_bd30853e9a57b544,0.0017095253668785843
ck_59f46321ecf6d306,7.774250531190067e-05
ck_260cfe9141d249f1,0.03076357542786672
ck_3365a0ad1a8aa83c,0.0003485803316016168
ck_b0ef193195a2138b,0.00035464204162250195
ck_0f909705e2e60f2f,0.0001089300564192747
ck_5a540b75c866166a,0.03662059353117351
ck_87c26b2f41025109,0.998793179416117
ck_27acc9f320cda104,0.0024787654416210158
ck_a27bc31eecd9cb9a,0.000497831589899039
ck_115d86fabde77b65,0.00022135249287444505
ck_eeca179341d56f8a,0.9725921424329422
ck_8e5999c436cf037e,3.520665593243171e-05
ck_510e7c5df1f95d90,0.9995773843358214
ck_f1acf73363925958,0.0009607436881348871
ck_3c177f5970b68bd3,0.0011435553179215824
ck_9cdfaa1c30cc9d32,0.0003446460761062077
ck_c8efa1538b37c359,0.0006509438011418626
ck_a8a2e296f9804bd7,0.003703942702995781
ck_91a0ca45f429568d,0.0010959122654717061
ck_5fdf8a0bdbd3ed62,0.0004949136781982674
ck_0f4e2ec66d50da5f,0.00019504604196526757
ck_28c53b214b2ee882,0.04206343837114945
ck_003148504557f720,0.0008641397128247836
ck_01d840cffb870615,0.15070893578932515
ck_555848d51f4b5f35,0.0006190717987184473
ck_df20cc23b8fb8e22,0.004725926913588831
ck_f9604adde929beff,0.00027262200190335755
ck_d66952b03591bdec,0.001881308735636838
ck_ddcac1ab765ff61a,0.0008708345242308456
ck_347386629d96c664,0.0003503408745787112
ck_ab01db9117acfe3d,0.0005923043270250348
ck_58e5359efc52e0ad,0.0026210833444856
ck_1a524b5cc8da71b3,0.00155418163988177
ck_e9287b6d909d731f,0.00016659308445955248
ck_bb41a66e3d90263b,0.039427850555090925
ck_e95c8cc1864bd584,2.8545547282402887e-05
ck_7a3f2961e9a8b6dc,0.0009353877349093422
ck_378a9df82b1e0bee,0.024344369213937605
ck_42633573639a3f02,0.9989234169416086
ck_2a5a4c18c2c7274b,0.009295973547293177
ck_77549c1a41f837c3,0.003863127195435482
ck_a26704b5b26258b7,0.00024126609576156279
ck_9874ad160efddf50,0.00044169035517405673
ck_9111e3a04b14dfba,0.005590708909779093
ck_651e076ee43aea85,7.155238614780673e-05
ck_391639c0f13932f3,5.157299673155571e-05
ck_02dbabda93c8c13d,0.01525266570153039
ck_0adcb1fffcb0a34b,0.0003009323791733507
ck_7a43ef9c7b1c67b5,7.169416412829008e-05
ck_4b9dd69946438d0b,0.0008447159369658861
ck_90bf017cdd37b66e,0.014018562779531344
ck_61c74163eb36556e,0.0005644343906542008
ck_13376c59b5bd6943,0.00017784880087714643
ck_62337eccb1672737,0.00013001510908172614
ck_16077934338472bf,2.2783336795734854e-05
ck_0d4dfd93086e7330,0.00029353358636452894
ck_3865b7525b910893,0.0005674689306908666
ck_7e2ae8b69ebd5675,0.002557932451362959
ck_b4384b6c11766ce7,0.00021806979274509325
ck_3d7fa32dfb9fc692,0.0017657705222269054
ck_f4a6a7cadd6e0603,0.1324057254028975
ck_212525e2828a6c45,0.00014232585574482567
ck_33ad8d53394ba77a,0.9124165462533222
ck_a5051eafe8b51224,0.00047792282135201996
ck_f65e5ff7da565f91,0.0005260122087885643
ck_5c37f7563fa7591d,0.0011155994414071809
ck_f1e0a006068aff29,0.0008579777498473121
ck_c646cdead6fb79d0,0.0004435855196046369
ck_f8b3cdffef535330,0.0034237670806053174
ck_e5cdbe3aa12c97f6,0.00028306500294013705
ck_986e4e61440506d0,0.8434600137105606
ck_6da9c5912e15d9a8,4.477592227284004e-05
ck_51d842e6dae74c71,0.0003173863889839222
ck_5fc65c24e0736d5d,0.9993965235225327
ck_babb95a76c69509d,0.002826661682165027
ck_86a2d852a9715432,0.004889763193833301
ck_db4083a0d043def8,0.0109100824091816
ck_96953b8945b7d403,0.00037290509011987877
ck_7831ca5c31fb3859,0.008154577948656937
ck_60ac5e5f375daa38,0.0004776236443805141
ck_05d44eb1f5f085ce,0.0006641553846053222
ck_432cc19c7eeaa46e,0.00524575105574007
ck_7fc513033af061af,0.00012151546470955376
ck_ada6ede84c111719,6.566855494147546e-05
ck_6343e0d3b1c2962b,0.0010792154094267446
ck_010264ae04f2e902,0.27428976833591445
ck_e9dcf535f8c289eb,0.007385875926270626
ck_37143d9cc296e6fa,0.00016591870990097227
ck_61fa051192f3e810,0.0051550174201241685
ck_f9f93d1d41be1468,0.5838034257975954
ck_c4f4f28457be8a74,5.258649879758552e-05
ck_323a71f9452d21cb,0.9963343944447305
ck_170f4688e0acd875,0.07952626653356022
ck_869b1878d09d230d,0.09800521850736044
ck_2f6b33bf46976229,2.747644047639612e-05
ck_b11e22e75d9b99de,3.248183731619315e-05
ck_123d75ffb75b606d,0.0005864863840454283
ck_94295287a04c85d2,0.2245470378527791
ck_1b0434f096795328,2.2903774053448234e-05
ck_0a4e191cd0a57ce1,0.00014490547261535155
ck_d2fbd0df99634676,0.0019356257276494254
ck_d51df5e9fbbbcc94,0.004019300233517423
ck_2d3d7d64a6f443f8,0.0013889505638977502
ck_731943c682c9394e,0.006366112569190787
ck_5ccc0c94e5e1f849,0.0002896548052078534
ck_c3476080516db25d,0.001218247797232669
ck_5010ffb1c94187b5,0.0003975390735193372
ck_7ef666d67bc70223,0.0006930390422582358
ck_c1b493527224a27a,0.0002593338817716137
ck_5d1e25d7acc5af9a,0.00018918796678331947
ck_ec30b61cbf517db8,0.00020508978258128226
ck_79323eb5d2e5efae,0.00011177238884706058
ck_4085cd3bf2661518,0.0007696334019842018
ck_2ca91214c357c072,0.005727869377067034
ck_7f3132d6be389657,0.01423007989178949
ck_e7a6b925c8f39a85,0.0033938134908956664
ck_c886adec7bac250a,0.00025494480954294294
ck_c3f360c2d0ea0a37,0.002727052907452907
ck_a7acd5b015823793,0.0008821085872642598
ck_9d64187c0800f84e,0.0006910360331201366
ck_5d4ed73b9efd7d11,0.0013867183553463564
ck_874eca6776b34dec,5.434736202110328e-05
ck_96a9221a87be93c3,0.0015143013648339465
ck_68dd79a51eabf5e6,0.0005430898588776212
ck_8311cb6755b2016c,4.84944877051192e-05
ck_16fc77b2bcf5ec03,0.9986300870806685
ck_ad9e2088a33c8c72,1.521537049920427e-05
ck_7176bbc97b1e42a1,8.944471482517855e-05
ck_80dfa54b30f65fff,0.9620326407700739
ck_31c54d540b128843,0.00016484136051971422
ck_43ea894480567274,0.0018832368024640465
ck_9c9e8a38bd5a6c88,0.0008204122985732841
ck_1c2dcae19539e148,0.0020025454594246005
ck_b0fa8b84e94d8ae0,0.00038921662230020557
ck_4ceb43ccd0a81c2f,0.0006105643473044265
ck_ba845332b730b596,0.00022138628355639618
ck_73d3e8c6077f61e6,0.005619422011935071
ck_b5d0d223ef56473f,0.0002957780172093455
ck_949f08f8e80e93ea,0.0006571548604146499
ck_73de0b49709e5f8c,0.0007332431082257747
ck_b5935e9722a39819,0.003497262164758318
ck_96247fee0eb44420,0.00044177171175076334
ck_a6def1e4b2d57e0d,0.0013973530660851296
ck_aecdc5a96321a2d8,0.0018683359385618865
ck_bc61c59970f8de49,0.0035265818836360584
ck_c43b4175fc9ac5bd,0.8842747353818927
ck_8ff7a9b23a55fd62,0.0012805664249490724
ck_20c99b645f462449,0.00038254655719951303
ck_a5ce2ae36fb410d9,8.701542642153174e-05
ck_96fb9bf556842bbc,0.00042170552031342486
ck_b5e4c6dbbed1b773,0.0002889481900713657
ck_2085433978e72ea9,0.006642039003215106
ck_2c6b174b063ec637,0.0014593770160034759
ck_b20b81b88dabe28d,4.4188867578991346e-05
ck_243c18dbf150831c,0.00010679364036169243
ck_2bb6a17e8eee35cc,0.0052636533574068325
ck_66147fb994495396,0.004148292954596265
ck_73f124f075ede0fc,0.0003778943678670407
ck_2e315f1b1e533dab,5.461243161845623e-05
ck_16c7bf94ed3e7a6f,0.00022102030561622424
ck_4a0eae220a762ac5,0.0005114423555890153
ck_dc16f939c2f44ad8,0.017628902720717904
ck_817926b449754917,0.0021203185600132952
ck_0c0dde42ab64ef87,0.0010255498788361444
ck_cb3a40594da6a2ee,0.005370013333188935
ck_d0dc156441fcfdcb,0.0009931516885547213
ck_66f0945add423e9e,0.008406509268784433
ck_a74f6a3030f5d495,0.03776149637261186
ck_1ae460f331e49ae2,0.0027048259201303726
ck_2d177b2f4f0b40c9,0.10524604613246119
ck_92e474e4368c4791,0.00028130141729671197
ck_3dee83fa2d109484,6.682147749580447e-05
ck_80e5ea27848069fe,7.524787815659207e-05
ck_ed0c4a83701ca230,0.00038565168667937643
ck_0b8b7c5c581fd161,2.9609746867255244e-05
ck_60bf8a2870956fb1,0.00027273964781421105
ck_73a54b56a2bf35fe,0.8903218245955351
ck_2296d7a563424883,0.0002697999106334423
ck_bc19c383560c7477,0.0005189017966275756
ck_861d8e3d88f1079e,0.0010227278761824547
ck_3f090fc96c24eb28,6.209250254333771e-05
ck_9a6a1f8102febfca,0.002705402253262949
ck_541b6ad5d2fa5a39,0.0020206518420364437
ck_a760d38d1bc4de97,0.0016357398800826628
ck_7dca4d7ee10b4eeb,4.489608226930089e-05
ck_15220e78d1545e40,0.00048688637606688153
ck_ca24bb0de508efb0,0.0004091579487970671
ck_56b389627d8f02c5,0.9979185763775476
ck_48a6754977a44db0,0.0011425305121123366
ck_333a43ec339a04cb,0.012322411488147687
ck_f22aacaf86a65d7e,0.014318800670887592
ck_04bd8a1ffaf3ffd8,3.2430479231422374e-05
ck_2737a72de6b700f3,0.019393861221000234
ck_c35e03b0dd0c3454,0.0012176057296609914
ck_e0571312f395cd94,0.00018370124414162094
ck_09fab6b9825001b2,3.7847436561095805e-05
ck_18c3a095606209e8,0.000193794655320206
ck_2a97db9377d01e36,0.0001286551285878461
ck_f29dbbfdd2786bd1,0.00907664449456833
ck_35d6c510ad29362e,0.9688896547588862
ck_5468fa99c945d785,0.001065922215713448
ck_6f8102f62c876cc9,0.005315704920738668
ck_91955aab3424ad16,0.0005161868021966947
ck_9a43c0c73a39d759,0.0009159616554596863
ck_60b023af6d1e30bf,0.5893964248059358
ck_9704c5cf8659cedc,0.0011549379431750324
ck_7e5f02b51b9f78bf,0.013534850394475781
ck_7d3a88d1aa649708,0.847662965819225
ck_8250eddc1ecb07a0,0.034992559321442296
ck_d979ef95ee44023d,0.0016940178001269188
ck_5e5461dac83531ac,0.003228392704099895
ck_d1bb8890081e0a31,0.004291658963820273
ck_32246c62640648d9,0.0001280353842825604
ck_77a40c7d2f862a32,0.001274615031476635
ck_1c8b94efe9238f5b,5.3757206806354906e-05
ck_eaf3b6d11bc3cb11,0.00018711299713520293
ck_a4a7ef3ad799c380,0.0005261614023652686
ck_d5bd8f68da073cd8,0.00034621598476046575
ck_6e6258227fc8db7f,0.00011045322176224968
ck_c35d444e05799db6,0.0002867679347478
ck_74665e1209140ae8,0.0011579372492842843
ck_353a272478f7e903,0.00010314891798123295
ck_a2c9796ea229a4e2,0.0004912506224609224
ck_e0171f91cb3411fe,0.0011636933194741482
ck_703499f5410280f7,0.0007068798387558222
ck_ae3a763997f8f385,0.0027910317742932357
ck_f7ff94c3df5ac874,0.005818785963448
ck_f3c16d8f747db046,0.006565084772346944
ck_7ef019ed77276496,0.00010133974248523992
ck_d6a4faadab58a3de,0.0014602673390698264
ck_ba7b78d31d74c794,0.0007099822930367781
ck_36287d063350ce9d,0.0002380726810838861
ck_5177fc7137ff26ce,0.0005658811740008744
ck_dfd4e79aaa967b63,0.00263286083350183
ck_fb44d15fb93a7157,0.010270270202289041
ck_fca478361870a4ca,0.0006094664107072318
ck_e57b94fe57341058,0.0015823642307719282
ck_5448c946cc4758fe,0.00013010468406031577
ck_c5ece5ffb8800ad4,0.006000978069840031
ck_11cb98211b2ed134,0.8869572270032249
ck_f655399ac75c4450,0.00043312244950760635
ck_c817259019588d30,0.0003537466173375092
ck_8740a14d8096c6e1,0.009475172724277012
ck_0c5ba86f4e05b38d,0.0009819079492002468
ck_ccc917533d4b73d4,0.0006101029616219387
ck_9eb80edfa43203de,0.00018564305521936945
ck_d1a1cf4cf61d6801,0.0016401262239140277
ck_b17c239f160e6017,0.0006252260236348162
ck_410c3e13b48e0415,5.8244252386584397e-05
ck_ab553954435e8854,0.9658236659251369
ck_bdbb4230c91e1604,0.006931489787801646
ck_8fd4937eadd64fb6,7.98079812700152e-05
ck_e0e90b196bef3c11,6.831984733010969e-06
ck_3dc4d464386f0eb2,0.005880293533946393
ck_51bbbf8f8e8ad005,0.9995669481175131
ck_c05737ab74cf03c6,0.9932186788742706
ck_dceabbe04d99afc2,4.4582130821427104e-05
ck_5b86fd14e85bc9c7,0.8008524176223353
ck_d4febf0083800424,0.001341830881315741
ck_77d9f86dcf251739,0.0005920442932693303
ck_b4dcebc543deaafb,0.0014045043550506874
ck_cb856e75c949b0cc,7.77466209856611e-05
ck_61b067de8ffc1ca1,0.0007062152854472451
ck_c0e8560ccfd9dd9d,8.981998874432905e-05
ck_173e1198c341087b,0.0011043097709181335
ck_b4d55bc809000276,0.002769201912872291
ck_839bf139296b5cea,0.3396368972194744
ck_78cd402a2a4f2e35,2.943701375378538e-05
ck_c2925c50ebacbdba,0.00016803764560364151
ck_5e3bc76eddbdb0a6,0.00010736774096088529
ck_b7793edca26fc512,0.0012814368993273341
ck_d79bdf04d6f31cd5,0.0005867772924242348
ck_4b97d19ed946f503,0.002350782636081251
ck_37139b41c5370523,0.020079153225598945
ck_8c346eeefa9ce692,0.0003036224373643644
ck_2ab7eddee2d8c49e,0.00034027058688180075
ck_29da59ea3bffb9d8,0.042637365966474265
ck_c1d05ef0ec6e4be7,0.00010681749733621098
ck_3882423b449f6291,0.9910706011988797
ck_5647030283171ed5,0.8460545556341105
ck_efbdcd9c181e72ca,0.0005012984096462435
ck_192fdad892782daf,0.011896656310688342
ck_0bf2e13b9f2601ac,0.0025869322362736106
ck_3d6046a533057795,0.0008860720470091112
ck_279a1d3a3836e5cc,0.00011372695757479259
ck_c375e929becde422,0.0002514562929666803
ck_a59e90219939a1f0,0.0001251096131947187
ck_4e9fba1ec54c3ff8,0.002171126736082405
ck_bcbd8588a13f5eef,1.6010310232314607e-05
ck_5f9a7ff990341bdd,9.647350852018016e-05
ck_e0403d507519b7d2,0.0004428341114152612
ck_c9490cb61aff5112,0.0019286418509956106
ck_41dd44308e6a665a,0.013135088430603112
ck_76c23726cd7ca947,0.0004924305009712175
ck_9be551300209fa83,0.9085025478437065
ck_a98848eec6c9581e,0.013962268495384043
ck_61176dafb33b2d8a,0.07437253467185033
ck_92de019e05971ce3,0.0005172970588172774
ck_5d644224135d7c65,0.0021726910617314204
ck_c767fc454fa215d0,0.0007173613250754894
ck_5df85a8924e11f27,0.0071817209146168015
ck_da2729307af06ed5,0.006169019748325862
ck_7c6b577174af7a78,0.001239897902889687
ck_893b8afbe11301e1,0.00037480822837392336
ck_e06f6fed020ae014,0.0004607931638862312
ck_386680372fb54857,0.0002526993790636691
ck_7a7f3c4fe0c9d2ca,9.590954728492808e-05
ck_f908b527c4db422d,0.013164734611379411
ck_ec2eee6a133e9a6f,0.0037952026480235603
ck_d98934f9fe0b02b3,1.9542730648939494e-05
ck_398a1ed77b0130e5,0.00020904272880631762
ck_d960af7a55b892b1,0.0005792248962072941
ck_4637e54a9f79e2e7,0.00011604019466821378
ck_02b9f418524f6650,0.0008942484012585928
ck_d4b23804cebb045d,0.001202472714462263
ck_35b1939c48182a9a,0.014970143313798383
ck_2dcbb71e39d64305,0.002168530393873536
ck_47a884dec960ff2d,0.0002786566544629133
ck_71fd8c346fde5cca,0.017488949894090732
ck_98e1992ac8e7d2de,0.02049564758953339
ck_ae7780327e210522,0.007850499793133105
ck_e6c584b4b1ad6d9d,0.0017371750068239315
ck_344b2e326a6c3dcc,0.00016165722397600132
ck_9aa899a5230b0963,0.0010255168679043976
ck_e48d14d5b70ef5aa,0.008572464450058376
ck_59d380a0973b3951,0.001889836214839195
ck_11318f7c041a5ba9,0.000402575112323685
ck_7061786fe2f22f5a,0.0007630422979133678
ck_e77529651c416cf7,0.0013307683604461597
ck_7f79878197340435,0.00012593100927763286
ck_b0a0fb0ee9ebf106,0.001389234345892575
ck_70c7679199776a90,0.00044251801495775284
ck_b9facd2210daca5c,0.01752366013200837
ck_9949f53c155b8dde,0.0013336653781279154
ck_1c607e24f2c4397a,0.007862447438924922
ck_aefd1ce3ce093cbd,0.00011396090443837966
ck_5a29b7018e43280c,2.490694704030616e-05
ck_69eb0b2ccfbe5f95,0.0032282618937341727
ck_fe037765aa465c58,0.002356383587804792
ck_5e512ef5362a3dd6,0.0001865709981822513
ck_544a9e80b7fdc279,7.652210631625663e-05
ck_7825494e654d5695,0.0021123502454826874
ck_f1f2c3c623553f0d,3.2941953504617814e-05
ck_52730906e5b461eb,0.9796321782770548
ck_01e0689157fe9617,0.7757524399214691
ck_9da82e567074da9d,0.0008451596380527445
ck_6a17384072f904c0,0.0020432441573369304
ck_8d84d771a21942a7,3.86482692243672e-05
ck_39638880292782a7,0.00022862920685593293
ck_7d51c86e0eec72ac,0.00010104811943891324
ck_45f4c821c70d134f,0.7365995105388774
ck_0af3c13ba56ce57c,3.757805491751813e-05
ck_0789a05e061b2784,0.13327893133068525
ck_6ba091eb42ffa9fb,0.0021601433478294287
ck_265accb3c5c32620,0.0024325683322692047
ck_179039559ff7566c,0.0010595118194984495
ck_17c0a6a92b5765cf,0.001011795600063755
ck_59371c9140239fd7,0.0010225019446929793
ck_f9c4f8b4ce2691f0,0.0025283363436383786
ck_a2637e4872cf4811,0.0140678327397373
ck_1de43fd6c6c22a5f,0.0081992637325995
ck_6e4f31bd108571f0,8.752147165812967e-05
ck_da06d97db0b18851,0.0001218066513039673
ck_e0346d5081e640e8,0.009338926385274018
ck_c1c7d4e62c9fcded,0.0019018803061353119
ck_2595669e421299f6,0.004960567489638663
ck_3b6057d51fd4c7d6,0.0003440672264336211
ck_c5f8ab515840a0fe,0.000553606221595725
ck_435cb24538c6f77c,0.0027765146124920054
ck_d84b5403da4cea7b,0.00045642723892392245
ck_c2b61a98d1c8f6dd,0.8754736218747802
ck_c9dcd92b2f836b61,0.05350113463737676
ck_9eb5b3f5f672c2b1,0.0010657339159454817
ck_e4cf189a8d31649a,0.00010611862321612381
ck_6b114f2a48152b96,5.389603075205223e-05
ck_3fb95862b70f505c,0.0008018733024170764
ck_7f780f465c29398e,0.00022047560300479918
ck_ee387f9da79e67ea,0.0040088036449470975
ck_fa3b1e85d27af2ee,0.003204014499133607
ck_e739eaaa7a1822f2,0.0003442519547871317
ck_dfa0ac11fcb1dabd,2.4018553003902046e-05
ck_6e8751b571ea54d1,0.0011583892728816469
ck_2d695f8358383092,0.0014121885474338998
ck_e7dce27edb700f27,0.0021026258628955405
ck_e322da8b213eab52,7.791057243438528e-05
ck_d0b32e039abb8200,0.0004967475653309742
ck_b354003302b272ca,0.0011141637983130156
ck_f7485cba392bc294,0.7853663834500648
ck_d6a290ff8362c7b9,0.004135328967012101
ck_c56a44fe315c0389,0.0005971812654225863
ck_f77dfe6512eae322,0.0042003636416065694
ck_35fe969c58b9e70b,0.002641389277766579
ck_4c518637db2322d5,0.7490054722917041
ck_cb61902798ecc4fd,0.005604101117575081
ck_56e6cfa32156a916,0.0003552055444758067
ck_343e6ed2b9d35c01,0.000504703567010661
ck_51440f64f7250ad7,0.004058698970443721
ck_295bca29c34cfe2e,0.000858161425648896
ck_dd30558576b45e7b,0.0004890666613052602
ck_3a30132a57181fe3,0.001699246471950696
ck_4a733aeb833406f4,0.000308302153888731
ck_1b0b7c3d35ab1259,0.008290342491612316
ck_962c3bbf27cd4b80,0.013067154401891086
ck_9528e1d6b1707870,0.00039616900650248126
ck_b3263e7f31aab45f,0.0028578470877577682
ck_e69195a3c885053d,7.792390220692852e-05
ck_a907fa8795cd4baf,0.0001973290029085445
ck_205c3405045bd835,0.00034797589026442076
ck_e81fc223bed3c46a,0.023054098595894246
ck_363751deae40edfb,0.001681457510342294
ck_6176baea8cbebbb6,0.007151024656017323
ck_633e6579f5c74a5c,0.9677529072501292
ck_ddc11fc481eef58d,0.0005146023263919934
ck_e975002c979e12c7,0.014288980224098666
ck_8e039b23acaaac00,0.0026182563233795417
ck_1d6990d94a4d2ad6,0.0022491887101284674
ck_e7b583acaa3171a2,0.020531297884643057
ck_c0133f60d39b2fb5,0.0007040410429307081
ck_7d6bff85e7a694bc,0.00024887166108179847
ck_d305b4d82f63f647,0.0001347915401814638
ck_22bd0fc71f95e048,0.0029588267520628667
ck_9a65fcfc7916f93f,0.0006652021506130204
ck_d61c837b0106085a,0.0010391052131439062
ck_be86a1db08dea456,0.00025485511878648527
ck_90489c405e6886d8,4.74284306434921e-05
ck_0add2c321d579d75,0.001861412209204047
ck_482dea6eed92cbbc,0.0014177190602971484
ck_c24b47184534cc2c,0.9762846614186712
ck_fa04ac31e596e7d6,0.0018128969812397221
ck_084322dc5a3a86f0,7.431344855207411e-05
ck_ccb72a33cc1877b7,0.0002031864051996396
ck_afaf374009d3b248,0.0021455490878166885
ck_b53084ffede19a8e,4.0221096268139714e-05
ck_4760216154c8cac2,0.9643045233070279
ck_37ad3a65db673e70,0.00012937746098162783
ck_0c2932cc0d553694,0.0012832580214578197
ck_86b853c52f20fef5,0.0007310158572793542
ck_38703b7546d35a80,0.0009819234675059988
ck_218b7e6e6dbd2da0,0.0006863786567484866
ck_402db4184982fdf5,0.006215769325592062
ck_f917c82af80e4a79,0.02883380558060291
ck_3c6417a233c68c73,0.0032261898242089914
ck_98068c397d70dd3a,0.007653226922846563
ck_b1cbd6679c0f8d95,0.004056053759410282
ck_9e962f9bb0e7bac2,0.0003472812095353124
ck_b08247c3ad567d92,0.9599624154572773
ck_3ef7a03ebb81cfe3,3.0067991785833837e-05
ck_5d7ae0e3562e99bf,0.02220570142977903
ck_c91a628236baf91b,0.003444249245479397
ck_7f8e816ca51755e3,0.9967601439269019
ck_5aadd286d188f5c3,0.0036721713579356352
ck_a037aff5f8128c73,0.0007419226742898989
ck_5df6529ce8290906,0.0033773822907174136
ck_5f3609511443e5a8,2.340070344938368e-05
ck_a6f61864fac3c8fb,0.0007777378597979631
ck_2733fc6ba23ae46e,0.004285749208098855
ck_22bfb9246646eb41,0.8174738254043721
ck_bfc2a57d8fd1610c,0.8810508912315447
ck_49839e761d0e74e9,9.22545126998665e-05
ck_aa4ba931dd37481d,0.00017434076883815293
ck_2f9fa0d61829f815,0.0015521525265216093
ck_5b82c774df10d49b,6.291467878311862e-05
ck_411219470d0a195c,0.0007326215139842912
ck_d07485ba10514a2d,0.1581312070973817
ck_219bef979ee21bdf,0.00010982577979956855
ck_eb1006e7285184a6,0.0010784337580215376
ck_fd242b18575e3063,0.0009574156641093695
ck_95188150ff059c70,0.005379275033519821
ck_a9ca2f447b984a6a,0.00368685028686141
ck_2dd39723c4088b64,0.0002883545755606876
ck_aa2b4c662ff213b6,0.0011185347029106839
ck_1867b1199c864db5,0.0025637710105734265
ck_850ec97a5a0dab9a,0.0009084489110921082
ck_562320295fa35875,7.209923330455601e-05
ck_bab5759b07fe2bea,0.000828606222241162
ck_b9f1465d803e57b2,0.004422816103187178
ck_8f21f2690c32c691,0.009313123967226073
ck_df87d6f61a63eb21,0.0001629366684682969
ck_770475876d0e7e6a,0.0009575316790974488
ck_b4c014d5c0cc9eb2,0.00016916036614466058
ck_3add4d23124c9290,6.31223860707237e-05
ck_bce5b7fecfb6264d,0.0014188710675580966
ck_604c17cb97dc89be,0.0015459211120608793
ck_e52cbcd9aafd26b2,0.0002599031706334112
ck_0ac9114076f5bf3d,0.00015177065994801615
ck_dcc125b178b79566,2.9832445967605518e-05
ck_4e333c09f0c37dee,0.000319709157474905
ck_ff7e31ff8ba731e5,0.00033021184333346823
ck_8d0532d24f1070d1,9.370787610007227e-05
ck_3689fa41748a6f6b,0.0050481527277598075
ck_7509eb97c1948b16,0.0008657175973889972
ck_a9161cf1ca22a6bf,0.000594036362604184
ck_bed3e3db135b782e,0.0013104912529194111
ck_9040edd974ef8e3f,0.20847793516113228
ck_fac32d76ed40f683,0.000889373985371989
ck_3d7b1078e2d57c69,0.00042439419007498974
ck_dae09c4e074af5dd,0.0022544712232443085
ck_fd84507228467b40,0.006710792737381265
ck_e2a2ce9b8cf44c63,0.000618245982056048
ck_cbe716f351d660d4,0.0011085594760782461
ck_cba4162ef29a6d27,0.0014291914781198074
ck_4f1e962ff8a29732,6.011929104610185e-05
ck_39a81899dded61e4,0.0012082418500112746
ck_25382331551d22a5,0.0031778782017554013
ck_6d64e1c07b19856e,5.782846257458441e-05
ck_165a868bdef28ad3,0.003254722628681696
ck_88774ae52e30e877,0.002141393925566618
ck_fc7a9d0643570053,3.6509279371648745e-05
ck_c2017120b3b88a46,0.0014578607747526898
ck_d115ac6b9fd62a7e,0.0011208632797948237
ck_439cf7d51ec7de0f,0.0007911929717022098
ck_2468a7e9e68a0927,0.0005252252461751386
ck_7c418947124dee8f,0.0028655026431950626
ck_fb0cf32c4a56f740,0.008511307312486187
ck_694eb6c43193afd4,0.0005196072603150318
ck_993beb188dd4abb6,0.00012710239067869177
ck_77fa39d3b733c226,0.023693186661418553
ck_49969a9abc47cb69,0.00029295303814998516
ck_d3f44bbe2f7e9b2d,0.00010100832658433208
ck_fcf5b8216d0c18ef,0.0001309764654197042
ck_daefe1e2d2bc362d,0.00044085489718470475
ck_9c9287cb28950eb6,0.00035123286535630727
ck_c1d1a625b885a975,0.004024579852420791
ck_71b37fe47490b4ba,0.0004100927795386886
ck_5d16e257c0635f7e,0.9495718802573938
ck_15918075563eb074,4.897254776780725e-05
ck_9a15fdefc47e8d11,0.000317088585464391
ck_6f04d047d1dde75e,5.6907552956120144e-05
ck_1af2c0b3b8d202c1,0.00039531220766948885
ck_174be2231c5fd2b6,6.857620681540846e-05
ck_bb0713a2a1d65982,0.0064682205100932205
ck_0daec63bd5b0729d,0.0021332176063894952
ck_c0b5cc3e8ad2ff44,0.001153642061685062
ck_35bee1fc12664644,0.08587569444226438
ck_a1c7cf63467df4c2,0.0003434922644115973
ck_ecb1e15f0b185ceb,0.0006342731914764673
ck_f280d31f54a4710a,0.0020481818663434614
ck_30f4b2ee8abe1342,0.0025760554696640054
ck_66bed631354de5b7,0.00036296463705481956
ck_c2d3ecd7278eba2c,0.00010254211327447844
ck_e901dec0e09eccbb,7.198420238563313e-05
ck_5d038ecb3c8748a3,0.0003366962988793467
ck_283c5bea94b21e80,0.00017236892807760446
ck_7956c251b85f009e,0.9008622373584285
ck_9f5f81d771146aa1,3.0295821069571776e-05
ck_9323e6fc1e168eda,0.9889054425303594
ck_10495d3a635b8d69,0.005482368146362309
ck_1982d571cd36eb0c,0.0006226115177115846
ck_4f5d7985bcc2eda4,0.00033225033022054896
ck_7df526b2b4410bb4,0.0061610213671563175
ck_dbb498b1a346a402,5.804313713558347e-05
ck_ef059997563e3330,0.00036498424212608177
ck_02ec4e06709e6b82,0.0001003570871233067
ck_9782c86ba6485f88,6.73670552422073e-05
ck_d69de468b44143ca,0.0003877851409322977
ck_6430a8792f400e0a,4.7856085665159764e-05
ck_8285bd3c90af94f6,0.003304577929728886
ck_985c9ca112000e9a,0.001023517210549541
ck_e679fbf4f4f4aa07,0.0004002179385552346
ck_016e8c8eaf9d511b,0.01292676773262915
ck_bc996c523944644b,0.0017602056963513177
ck_5b8315726f6204e0,0.003274952033317285
ck_78181f8e998e442f,3.009942399826593e-05
ck_71c68dfd011dbbbe,0.9187303725254136
ck_db32c95ce2b6f502,0.9650282826329302
ck_755010362a9b1bc4,0.00012994115778085415
ck_114141d85256c9ff,2.2518383102343496e-05
ck_9d1a5cf5a3b87e48,0.0005930515488195586
ck_ab640420858ab5c4,0.037697792993378
ck_97a8dac48dd62488,0.10000642024211609
ck_879cc3166fe1bada,0.0002474098285109524
ck_b0ed11080076e381,0.000357057005524592
ck_7334a9ec656263b2,0.0003171475081676383
ck_6494f0ef13ce44d9,0.0006527338580157865
ck_724e459b9ece38f4,0.005032838044689375
ck_7fd8b1470401695f,0.21774269181300854
ck_292f81186358b0fa,0.00018534816712019377
ck_fa7de64d37287615,0.0039034482623354306
ck_d00e09e66ed6458b,0.0025036394518599663
ck_b8d210e741be186e,0.000128722177429414
ck_3db59982cbae4410,0.0034004194003569876
ck_69887d0a9aaca6df,0.0001293990763743024
ck_4feb21e2fb0b3977,8.881789923896099e-05
ck_08c6cc1e143475e3,0.000138969909332516
ck_fe6e168cdbb46b9a,0.01643958889874178
ck_07f1734be7fac56a,0.00797589886912602
ck_d66d59981307db93,0.0194693273508623
ck_f928dba0d587d7c1,0.00027918726904841665
ck_786448fe3004cbd0,2.6741943916997743e-05
ck_29ea329fa40ace62,0.00012688391975786958
ck_7ea52b6f27edcb73,0.00041341616437326484
ck_18bc51bbf3ef198e,0.0010440027645695342
ck_44950df09ff14ded,3.5590631512691346e-05
ck_c1466b52c0a10b93,0.02797838662569415
ck_6cdac067cc4db5c5,0.014257571354826575
ck_53f55c6e8cf2d432,0.0005574616291589033
ck_95945f48453ca532,0.0013378169050217875
ck_87cce4126e215153,0.001246002860791541
ck_1ecd5516c92caa4f,3.32809200579441e-05
ck_819b482bca14c068,0.8360788667926772
ck_a61a879dd46fc9f2,0.0014112094846011887
ck_af70aa32c009c3c9,0.0012403841794606167
ck_f4fe78e249092ab1,0.0016560276873794054
ck_12c46bc52bf45b36,0.0005397414259916646
ck_f05f5e4b40afa52f,0.010553040782876371
ck_0f8cb09d3f4fc980,0.01712439377107063
ck_80a64a7f0275a71d,0.0001985805649686849
ck_683af7b1540a0b22,0.00406947155233358
ck_51fe0b613c076cbe,0.0002497395297214033
ck_da1a2450219dcf19,0.007759947274312524
ck_2a7eba01ceba6c2c,0.044177853848160295
ck_4e329e29dfa743ea,0.0301885272804492
ck_0274d881d6db82c8,0.0005347618887830201
ck_0af5b7d128035b35,0.0006501358778065023
ck_ae0a7be6b0a0ea68,0.0007505123590192776
ck_de5bb7a4d091386d,0.06824678716127003
ck_2bb7c17168a9d17d,0.00010880240793677432
ck_0ffdff7b2f5fdfe4,0.000978159400529719
ck_718a8390b3d42d7d,0.001294485327581744
ck_7c4f12d70f184533,0.0004472283126194177
ck_d3e2c26b8adff099,0.0005615990809400201
ck_ac9d3d9754104cf0,1.5123560830236691e-05
ck_3b1766a1d51f8f0e,0.8075926136287841
ck_a9bf75bea912027b,0.0012082410458789136
ck_687eab3ffe1f8cfa,0.008361595364422865
ck_25dd0b02af5b2f37,0.006599778465521839
ck_1747fcc466f0ae38,1.3581296925825467e-05
ck_f6e9d14dfb6f3c28,0.011447945114890508
ck_c6a7bbd0adc4d5f3,0.0015169736145939797
ck_46656a23f4456d22,0.9831409370694842
ck_7519260415c2998e,0.0012355575500289824
ck_754f30ea19df857c,0.004235812744916705
ck_ba88a244d5f7380f,0.0011913447123050199
ck_f268416945316815,0.0006860516208043496
ck_21860dd2159dff28,5.3683062674829235e-05
ck_7a86ef4e2beaec38,0.0003419989385358342
ck_0414507baeea936a,0.0016280285178782586
ck_60796eb60fc3043e,0.0002490250363139571
ck_1e0841ed17fe0562,0.0009246499724328817
ck_0d641d32658d6e0f,2.7640370196728056e-05
ck_b36086ae6d87eec1,0.00015737635619209907
ck_962e65ab33b5c311,0.9945422910686048
ck_b046a42684468e63,0.0003406620997160683
ck_ab3426435b0017d6,0.005401913568633147
ck_fcfe06e44d09a344,0.0028133343539080615
ck_0f6d916c92189516,0.0016650008698418871
ck_d4c8f0d957c3965d,0.01437070367782242
ck_2ca83dbd728af019,7.273796133227577e-05
ck_2857a4ce9f72fbfa,0.00010415543469446477
ck_a60e6edc48e3d0ac,0.08592403792137672
ck_0cbd3b27063d4415,0.008403931097109307
ck_612089ec90c37219,0.0005650094370996318
ck_ec4e597f17f473c6,9.681434479431488e-05
ck_1c93cc58f314bf71,0.0048827024099915035
ck_2b359a979520276e,0.00010934112501997187
ck_1496568ddc3b2d56,0.004173386944167686
ck_41d91dc9f5063566,0.0016610331047401388
ck_4c5ff58afe3d7a67,9.310689275967122e-05
ck_81709736281fa3eb,0.00012200186334531492
ck_d89abbab3d4957aa,0.0001449018947545432
ck_52453401f88935da,0.001332985638201381
ck_a477654d34783e06,0.00011971024375676537
ck_72dd0dbdf808cb00,0.0008222615996205321
ck_c183dff3781746cb,0.003512009207650927
ck_c8b7f241810b45e5,2.1695374467847533e-05
ck_f88028c3f306bc70,0.000449731060006306
ck_91d48d69e4f5d9c2,0.005230736704617725
ck_b74b9ba6d7c9aab7,0.0343728590457038
ck_03e904682dc73bba,0.0008668930890637353
ck_fc6fed6ea96a004a,0.0011642092108446352
ck_51efdd240e34c642,0.004673115582888002
ck_e78ab4ff52b5fd2d,0.0006925147129951359
ck_4af7b97c24d89a45,0.0036030232221833914
ck_295c0072eca7f7a2,0.00013806849869811664
ck_8abd1a50a9227463,0.025520496951868563
ck_ecaa6f13304e3dc5,0.0002944078243980296
ck_de436e7b319be1fa,0.9989903015791253
ck_c802cf8f61466027,4.120938593133307e-05
ck_3d83e0a3c1cfbf8b,0.0003292266862695924
ck_28d2003c2d16e4b6,0.0002399190480123389
ck_8ddaf745bbb9cd62,7.453038276989761e-05
ck_493b6256091014cd,0.9016084951350969
ck_a2245822cfea997d,0.0014543497218865733
ck_f7305b3c64cf8a03,0.023461962150185898
ck_9937dad93a0ed3c1,8.091811002117191e-05
ck_d654449f9231ad76,0.00018463846706933052
ck_850e2b59bc535490,0.0005365984925496831
ck_e55e5bdfc0242aef,0.00273593938385446
ck_d35c51e981b98c5c,0.001532153270893803
ck_27cdf9c5e6f0915b,0.00014211960492954305
ck_d328db1e1052d820,0.0015570202978138154
ck_0ea30eff5f361cba,0.0002731283928717714
ck_9994323f97109f4b,0.9977905192529898
ck_09054e97bdf9624e,3.410742810948042e-05
ck_723b4afc388113c8,0.00017289659019309667
ck_588f6e6a6a6d93e8,0.00014999021077940385
ck_e1d563fab4d6116a,0.0006172750623768814
ck_53aca610e20598bc,0.0015801351214089422
ck_c8131ddc7ed33448,0.00018382521937830522
ck_899f88464305824a,0.006806237216112719
ck_1c17c65804f8889e,0.0003945728625036389
ck_45a16ce12893cf9b,0.0030245604384218777
ck_f9d481aa4f9b2808,0.9819045760186083
ck_1d5d74169cf892ef,0.007934064080894048
ck_aba32acb61c1aaca,0.0022947931917001604
ck_ec4dd3675a8d28cc,0.0005700706268381111
ck_5dcd443fe0bbdeac,0.000188685293514507
ck_3a47e3f54475e854,9.788153592956328e-05
ck_a9aa5c344c315532,0.0040595919051058145
ck_9652283c9f61fcec,0.0001343645337572191
ck_752dd3d2487f78ea,0.00015427118823557
ck_a821980ac4db9943,0.07418352976631123
ck_93e0d6befb67f7a1,0.0007909309410886616
ck_e7a3881c3e36bd51,0.2014338865864459
ck_12631b78f8a03df2,0.0001667271985984183
ck_57b8226610b48854,0.0005768476901021163
ck_352657008983fd4b,0.0408754911534598
ck_0841a5c24fd3dd28,0.0014858481642693086
ck_db9b9d5d30f74070,0.004898634479758348
ck_a9dded7f6294e44f,0.0007740770056096408
ck_91a16336ce3217dc,0.002610323853485002
ck_371bd9388b287677,8.409389963745821e-05
ck_f285e5e1912a7c62,0.0003575560145778955
ck_368b65fca69fc415,0.017717227840726588
ck_d27a73596b6500c2,0.000536446963204853
ck_2d963f9b2c4d11e1,0.0029468983906788863
ck_7c500e219af39486,0.00045055611019950947
ck_7d025dea5951cba7,0.008032248045637192
ck_32f632706608859e,0.0001215837067608866
ck_53816231f3ffb48d,0.0002439211066521756
ck_9dbe184e81c1ca8d,0.004295230526699686
ck_d74123617f22a21e,0.0002990350003250566
ck_275386782b1606f8,0.0007634968495968969
ck_0b0e79d33e50cba5,0.0002456990452632682
ck_ba93cb604f792915,0.002129119461355207
ck_a86cd653472eccbc,0.0005424777016049864
ck_87771861e0447210,0.006554447096290523
ck_212380e0371d8a6d,0.007547681460448454
ck_ef0d702d7b0ed745,0.0002828581274588382
ck_2b8f33e22f939372,0.9804222615131253
ck_480347ad92037105,0.0003359683060927896
ck_20124c3a16c53ce4,0.000462003785868571
ck_c9e1e3229baae708,0.0009694727111458259
ck_b1befe967f7a5ebf,0.0036993534466322558
ck_4672167d7c989bbf,0.0051139324458090414
ck_f0c44ee5e3a42e3d,0.0019867239806196377
ck_c416357d20238a4e,0.0005069936808738218
ck_d0f470f8078c91df,4.260308690861401e-05
ck_3a70b4ee59084715,0.00034758312494952604
ck_179ed66cdfc1ce27,4.0712136924682956e-05
ck_387e5a7f163c7837,0.0006967472412841211
ck_08fb463e69f647c8,0.999105057384948
ck_732f725747393ec8,0.0005600851717229199
ck_7cc5e0fa3ca5a713,8.471431897536536e-05
ck_ad4a4daa826ac68b,0.9611995954937458
ck_472e0be7a3b533bb,0.007461951338749325
ck_7190177963eafdd9,0.0009024805732058791
ck_647ac26c5900f082,0.0007963843868707778
ck_272ae2179bbd8e58,0.000419270585957355
ck_09b0d8af304646bd,2.2520730557218993e-05
ck_ca0cc8ea9f344408,0.00016436251934533332
ck_332ad134fb909869,0.0042978746068610164
ck_fca2798914627dc8,0.0038037638416452096
ck_4450b55f462ae134,0.00024025897793712917
ck_d67d9dfb60b286b9,2.7168509163742484e-05
ck_a9d2bb4f2bde7052,0.0001511538934951665
ck_929bcae878a3ecb3,0.6538972410011935
ck_59a9e000fa275e1f,0.0009153582245495409
ck_57f17254e2688637,0.004445072420966409
ck_0508908697f60ce3,0.011318203452454165
ck_946afc2943298d26,0.0008010118400103904
ck_7176d12b18f2cc0e,0.001096905704462688
ck_5c47b49c26cce286,0.0034484939112723973
ck_b6a2bdb2d335e1d0,0.99933939847152
ck_1d58f6caaa4d012c,0.0020044128418662713
ck_71c917295020ccc7,0.0003447251536475216
ck_bc89644ae3688995,9.855353511464337e-05
ck_e7c212f16d6df272,0.0007462667630139204
ck_c6d2e11a368184e6,0.00029726576904235834
ck_eed7f1f7548df15b,0.0008954831123416539
ck_75b69034000ca7bb,0.0026802936682763126
ck_38da3bf629458682,0.000710975333741698
ck_90114c891239d821,0.000801321375371886
ck_8ee08f6777cc155b,0.001127635576209866
ck_bd86132499defcd0,0.000291375195957201
ck_b95fbf2b5640aa82,0.0006500466883673763
ck_c530235393360e3b,8.948220161786194e-05
ck_be52a7ec43241ba4,0.014440148366081812
ck_d96eb3cc55f2772f,0.0013953442517758562
ck_dd34f0a844fb115d,0.038141262829429166
ck_17cc7b411f448e66,0.019234089880714008
ck_856ea65fa27d06dd,0.002658496138631624
ck_056d5f0301c30902,0.0009674955665421502
ck_e662b14b2bab23a2,0.004230042550517188
ck_209f574c8d92274e,0.0015240703239476486
ck_62720b81617896cc,0.0018017660358706044
ck_041614694b77e599,0.00023262637430497763
ck_461e3f7b97db8d16,0.0012520180830862435
ck_1b74b798eebeabdc,0.0005380928741555522
ck_0ed2739384f1d644,0.00037929370936182183
ck_5a4d19f1b83feeb8,2.694056335937156e-05
ck_463937167965a1f8,0.0009375762526234506
ck_9d7151dbdf100e0e,0.002280790459090748
ck_20a7d1ce6cc27312,0.0006429655280730429
ck_6031211ff118cf0f,1.3634574049466116e-05
ck_a6fc92aa91e99b77,0.90502562914946
ck_0aaaa9d2f75a0518,0.0005316155391219956
ck_ec26e327cc1848b2,0.0008448202720475823
ck_0e6bebf8ae9b9b03,0.00047969488288977026
ck_e107537a4cb738f4,0.00022392628011118587
ck_e8ea56e122a5a487,0.0011730188222663653
ck_98149ed45d38c4d3,0.008763363643047485
ck_0e719b3a6906b8f1,2.5360916149546666e-05
ck_0c6e7bd357e4a348,6.626915073737386e-05
ck_d3b2b250da61db19,0.989014710730667
ck_8bb6b0a292754576,0.019162285083116782
ck_87d70f5fe48a6128,0.010321631635633382
ck_ea9edf9c107d429f,0.002727596060525416
ck_059806c52cebe4f1,0.04204006807275211
ck_a72d6df666e1c21c,3.772559977218558e-05
ck_1d2b80ab6c4944b9,0.001561591627999804
ck_60557f077abc42ca,0.017347264518823756
ck_e5f5cb7dd6ce4a37,0.006484931705235171
ck_4c4a939154446053,0.00034981868435987135
ck_50ede3eb561a202c,0.0007901696896766123
ck_6d03a542922b2ae8,0.001848481920396453
ck_d6fe761ed0db3270,0.0014501726528902224
ck_7f0cd6ea3096f985,6.96171422945981e-05
ck_23edb6d938a3b87b,0.00012230750820563677
ck_799aaf9f2b9ef621,0.0015347211042336243
ck_f8f6a03613b6dda8,0.0016264383849611016
ck_7cffb189f4f514ec,0.9848317705275718
ck_c081e1967dcd811f,0.002701744505044605
ck_583d6ca78c97d91e,0.08345076512006736
ck_9332bbc7125219a7,0.00011851289407224403
ck_956b5af6d7d86c65,0.9914927663639563
ck_2d634e3f24681c0f,0.0012262167202192773
ck_7b35d218ed0c5a60,0.00040398084764014337
ck_ca5b1057f8248f73,0.002955975924596301
ck_ec5ea81cf813597c,0.0002241157670088588
ck_eaebaf4d28400fb8,0.003145058988405782
ck_ae2ab6be219219aa,4.4647247649616845e-05
ck_d99a8b4c820eb46b,9.562281947955026e-05
ck_bcfb7ffb7cd428bd,0.00021878150340363692
ck_3dd542c2d31be2c0,0.00043083714935115535
ck_c7dd84401e29a7fc,0.000273125109923924
ck_c4bcc7cefd40f8e2,4.428436830785706e-05
ck_c251898b5d51e3b0,0.00010552426181907369
ck_36d37be780c1291c,0.00039150874406793475
ck_99b4f266b61ae7ee,0.0042304529879561535
ck_c37f03995f0f0169,1.8911579490645566e-05
ck_65a23ac8e44eb901,5.509469937863147e-05
ck_644b1c1149eea9e0,0.00024284176266105946
ck_9cf44eb0237c2429,0.0030000150735399844
ck_20541686a94fb71c,0.001455281823987582
ck_c18245be844680f3,0.00028615111881713056
ck_56de216eda6b7fa6,8.095913306497268e-05
ck_406c4442dee45cd1,4.834869685447359e-05
ck_df1585c7d72a96e0,1.260121769923087e-05
ck_b8e8dba20676d87b,0.002040051395919885
ck_0ee6965e68efc177,0.0051728051799901295
ck_c2a5c54ad8d0d297,0.0014397322743083983
ck_bf6fb7e6470e95cb,1.733954111747161e-05
ck_27fa694569140345,3.091382354860939e-05
ck_e04166b0ce66393a,0.0010025329521486845
ck_8742114f4f0cb22c,0.01206651180228165
ck_6eceeafd56b42576,0.00017544653850599533
ck_34f9951b0eca1965,0.0006323080164634736
ck_384ccecd342a24ad,4.5874113995543035e-05
ck_49c98bebd1338879,6.15425838866052e-05
ck_6c26c12071c91ff6,9.895040105392955e-05
ck_01e5986ebb9a78f1,0.004484220797239157
ck_121db7ba3be29ee8,0.000922625317249379
ck_039e6d5a330cea1a,0.0007533209660947784
ck_ae8c9163cf957d7e,0.0005829872596701817
ck_3f5e8f3f1df0c8c7,0.01726551975756309
ck_b1c51fdafcd80122,0.001501186251590119
ck_12e2b5ebfe8986b2,0.0008479929492301417
ck_d55eb81a4d543c59,0.0016451212421108282
ck_f85155ca5c312c7b,0.009461814914265575
ck_133d8a1ac7c0e301,0.9916233909457766
ck_04212a9bb9b28696,0.999682055720928
ck_4cc11c7d3ca61f73,3.428509473241118e-05
ck_2df4854186ec515b,0.002775884873917826
ck_aa9b28e7fc43af79,0.3297654219129083
ck_47cad6c3def4c9e4,5.9388271262663774e-05
ck_fbff7b5da8111567,0.0008013589423844579
ck_bd25ea782e375b22,0.003889948097465798
ck_7989376f8cf64a9d,0.005164359985383263
ck_675c0ca1ebb1051c,0.00012252828125949904
ck_1436f6e11d4008f9,0.0027276354098269623
ck_812cb3a4482cc618,0.00026292673970813537
ck_6e606f73a1094afd,0.006476349315676006
ck_1b708e2a4a0584dd,0.0008596059145253778
ck_a60d6b324bae0330,0.002499643531967804
ck_706a4f673a9fda3b,0.31810115985319004
ck_a75ece9a9044eed0,0.00014826696110948985
ck_9aa45c4e03c8c57a,0.0008639580491171984
ck_9fe9bdce982b312c,0.003730925257879754
ck_c6fbdc5ba68a8466,0.005510626760998915
ck_ed0cc1b1c28f9511,0.01868670792088378
ck_a4e2607b4c8021e8,7.551857522536574e-05
ck_e02f93f51cc8caf3,0.0010146398535463492
ck_7084ed3cf20781b7,0.005144907782635046
ck_cd4c63155570d6ea,0.0010776699488396597
ck_d1b9e5d32d2d789f,2.4845194761121876e-05
ck_68f56f6560a7a933,0.000394761538594245
ck_8bedacc6233c6269,0.00023999962218760592
ck_ab7cb50407d6b13e,0.0010893979710869513
ck_f17ed7e0fd687742,0.01278051364000992
ck_b0fe4b92fc70f72c,0.0004756643985321831
ck_84d62b8196da2452,0.001065305278364172
ck_9e298cae167f4693,0.00010525049846066197
ck_405b20ef9ad0ba5f,0.06445961794855876
ck_813e02e1ababd177,0.0007464712943289928
ck_f234ab47061ba7c0,0.00012532874844189184
ck_22b587c18363899a,0.0022735750517541057
ck_4e862c2f48c38aeb,0.00027129380955669125
ck_b89cb90a420c9075,0.00013909780746684306
ck_be2251640f27a3c9,0.037930983941324846
ck_46bec0bff167ed3f,0.0021552497069752888
ck_c0032232c2868328,0.0014684962853839336
ck_030cf09525dba4ba,6.429992815561022e-05
ck_6ecf56236789fc09,0.9861844782391922
ck_38d4ed52cbe6d123,0.005562890418730775
ck_2d923d957ffd4d53,0.0005814233730786663
ck_3af1eb88728ed8c7,0.010184385874845115
ck_2f8120ca80a1592c,0.00019861157773531815
ck_6cabb1a133f0b151,0.0010699000537660367
ck_bb6cf7e7b707731d,0.9529909879203494
ck_c8307fecafa90140,0.0011756286806934317
ck_75f968be67f46d24,0.0007137403373909871
ck_df6fe4ec5a233213,0.00014431494794584288
ck_b53e88c0e927d896,1.6740008560200264e-05
ck_f0093064aa28f4d0,0.003455031240726309
ck_ec9976cabc63ff92,0.0018603114398050484
ck_30dac0a58c5590cb,0.00696487671029004
ck_348a525791ae6475,0.005260882742055697
ck_b898d912d1181ef9,0.0011826357866303236
ck_f5b1200dc6f95760,0.008183361195634512
ck_54978a073e7a0b1a,0.0015569964937455
ck_55933936536a4071,0.0009378733005198151
ck_d6ba7ffd2ae08863,0.0011953154620972862
ck_404e2217fd87fdd2,0.00011653544941602492
ck_dfaafdaefa5716b6,0.002040196878725119
ck_556c62e92d4e7e5b,0.025279744391066505
ck_7ce44f4e06d58111,0.0024206255330600857
ck_465cb8ce232c7670,0.0002949506608288084
ck_237508ca4fb37268,0.012434421004109259
ck_ba4a6b9aa63964ef,0.0016647362139414147
ck_4802a0a7a1882c88,0.28493376940792636
ck_9478dfe4114c30f6,0.00237611754536627
ck_5138f6c575dec64c,0.0007549594569582936
ck_aebb42afe430e2e9,5.752237732591566e-05
ck_004efa95555437e9,0.00018962797394239333
ck_11af112667c98394,0.0036971050396544633
ck_44e9a18a8645c9d3,0.00016094565559537273
ck_2605fd571219e28d,4.617735265459823e-05
ck_dfc933493561d84f,0.0002473985150869553
ck_67674348e68d1f25,0.001820355560263383
ck_dd97429277a2fa00,0.0019298286540750471
ck_d3eab7a06eb48348,0.0010600711419165368
ck_0b9fcff9667ec05a,8.778286059582364e-05
ck_fc4bfd6e739bddea,0.0002250436637734598
ck_43292f70a03ddf2b,0.005595405280266597
ck_5ff6108056a3fef5,0.00016910277489408024
ck_767e0be086b5f601,0.002362854877786105
ck_b8465b1a5666155b,0.0017982086697975453
ck_ab2e3fc56f5b3aae,0.0010221079914939913
ck_1833c81d693c1e07,0.8829272028188897
ck_0308e0602b856445,8.140976775463879e-05
ck_ccbdfe744acff8bb,0.001182218990713547
ck_b294aa27a0b586d7,8.92670435964522e-05
ck_a3747201f377626d,0.9856043965063864
ck_edde1d7d1db24725,0.001624629611079675
ck_ae3b47d6e1063704,0.00036213006253533575
ck_3aabf5e0f4defb41,0.0011554072985342021
ck_f034adb57391f3d7,0.005730631558372814
ck_533672fb40531607,0.004818188646830687
ck_2a244f1ae08ef83c,0.00037432314790529974
ck_a35d81bcc54ece2f,0.0002147845953125559
ck_78a61215675b38f0,0.00034688420578036627
ck_e013d88ea7939616,0.00013092075787656028
ck_e5018f9418e0102e,0.0059326954495013615
ck_d4e024fcda401a31,0.0002133029941640135
ck_f736cffbdb82db34,0.00022985422148313103
ck_1507f5aa50cdf3a0,0.002521614245037434
ck_18270fee7c8fcee8,0.0004165898710628923
ck_95ffa1a805a1c9d1,0.0003873204284939265
ck_11132d245b94d045,0.00016494107824811487
ck_7b93a622e40d8b14,0.010561279601729819
ck_3854c08d17704347,0.003249657049057499
ck_7717fcb100dc4b5f,0.0009669752066203297
ck_ba54e0a1c328119b,0.9492861968433447
ck_a7afdac4ecbf2de4,0.5822772039492844
ck_ecfb771ed2352085,0.000595510969486308
ck_68be4fefc85a6b64,0.059927899029215276
ck_dac7c50bd6d0148f,4.0783377083367405e-05
ck_87cf36a03bd63c24,0.9888755189000987
ck_8adb40b168b59d7c,0.009033011533447736
ck_8d2f62930777416b,0.0013995046825061364
ck_9958b58da9e3c21c,0.00019831656629636782
ck_9440335375701f44,0.0005888709890568267
ck_e2f88e202b6f700a,0.001089600759439313
ck_4c7c50684827a2cf,7.374386866300495e-05
ck_8a6ea4a79b1c7a8e,0.00046210291689731403
ck_186dbff4b24a3bbf,0.005675872674744183
ck_220fda3c11c59b6c,0.15225163002446332
ck_3acccc69f8b1fd14,0.002597647117814995
ck_9de191bf79afd676,0.0006017357047911417
ck_6de6b1663f9457f4,3.078872283637961e-05
ck_062754f8b79b86e5,9.501954087642006e-05
ck_aa153a89a52f7eb5,0.0013458905614262499
ck_34a6bd3be642f15c,0.0014888144856419648
ck_9371c700d9830326,0.001661391706774707
ck_a99e0c258ad7576b,0.00021267281902726865
ck_0a7ba51d626e932a,0.011347812338605346
ck_852c50bbba1ead13,0.041065872889455554
ck_43dc13b6b6d31297,0.002763130897153939
ck_7d81b59d615a6649,0.0025757957996477617
ck_39a3f1da060e88bf,0.0004050985611094371
ck_6fb2d142c09ed3ed,0.01327960127601119
ck_6e5752b87324b58c,0.00019524781169867595
ck_9441d48a12e8a4bf,0.1577480453829465
ck_09e9c51eb538b255,0.00031669646036158267
ck_8d0cd981ed3a183a,0.004038352826507581
ck_57c07c45269ca8c0,9.014842339195475e-05
ck_ccfc9ab888ba933d,0.00014416019543266075
ck_9658a6ef471053f0,0.00020354008803763336
ck_dac3852758f4ea89,0.00021904302272453879
ck_b1ed2278f5f14d82,0.0016771219257376833
ck_333544d173524f70,0.004279121091374191
ck_fd4582e3853ef23f,0.005202927042049643
ck_614d936cef98db04,2.9993404580454458e-05
ck_6bc351a3d57aac54,0.00036066487817382675
ck_af5842fa7202ff25,0.007131988975243872
ck_81307759252571be,0.0002591208523913492
ck_b4d2f02d2cd45720,0.8977322358435451
ck_1bd753a4681946c8,0.9953564968310953
ck_46d8c029d46867b2,0.000729717591748169
ck_b7da6640fa2f49cf,0.9600184013005921
ck_9ea3d5a5a91fef9f,0.005136933141744429
ck_7b922518f667f76a,4.145048341834508e-05
ck_2a5b31594206eb30,0.7680361699395737
ck_d9506476ad3f9e08,0.0017479010519858935
ck_c8791f7ebd4d93c7,0.004006423476813724
ck_b5a3e20fd210017d,0.00015913423246502361
ck_8e54386f4fe22cad,0.011838046564502155
ck_75296704f5806f56,0.007605115725276163
ck_0fbbc7a6af300368,0.00020789452286747065
ck_d19bf4dc0627113d,0.0001809851298473533
ck_7951bd4eb99a0175,3.619898941384895e-05
ck_059e4fac6b7f704e,0.002353643766366516
ck_2ce8931af02a2ce3,0.0007511585331330531
ck_9e665618a4860306,0.00016387871476263008
ck_6fce5a893613fd2c,6.395714775600724e-05
ck_9e3fbd04e3532f32,0.03750612499096433
ck_55f2ef0de3420e3e,0.0005758809564870272
ck_8d87658a6f5d204c,0.28587365888434496
ck_6d6ac1f5dd882aa5,9.453298081065944e-05
ck_55d0c7012d7ef236,0.00024198430498501797
ck_7738eb085e5753d6,0.0004940900173420301
ck_0e6e05c3cc8c8242,0.0007267720930470212
ck_8d27ff8383d48132,0.0007421114087543298
ck_9afc3bb849f3a64d,0.0020417231654620742
ck_27eb86a9898cdfe3,0.0004042625207436099
ck_1d40e4fc541abe93,0.026158602952559607
ck_4fd9dc00e1913587,0.9989752189169315
ck_b26cdb2b7b165d2e,0.0021041449951997183
ck_a79a27767a02e31f,0.0026953516367714545
ck_f0c18cb9f951a71e,0.002481828344330967
ck_50460e0189de6274,0.993669258868497
ck_5e5280539257c986,0.0007967427108702791
ck_eeb854318b3a6f0a,0.0001605509832818879
ck_943f66f28dd24750,2.0086345930764374e-05
ck_984dd7452aee372d,0.0007638919401648096
ck_ecaa6de0aca5e9a0,0.0009899839764194015
ck_8f1cbc432e2774f8,0.015327898187817829
ck_d91d9f8445b9769a,0.9923382915736346
ck_73c18e03e3c7612e,9.363664809285776e-05
ck_aded05ada490da20,0.00016585237542464176
ck_f744e208183971f8,5.135827126874751e-05
ck_02d4cef6358ad3b7,0.00019697127275457494
ck_08ff5bd467226a5f,2.880374341802828e-05
ck_f824b326d5089885,0.04093130738644668
ck_3420f2fd520890f3,0.00043569164511441196
ck_1838cf8d00f5b1e1,0.0032153868074751013
ck_a85182ad90b6f1e1,3.283907623719833e-05
ck_fecb39c82c43e76d,8.932462375597649e-05
ck_162513e73782929f,0.0020639414191399585
ck_2c27b77c59d8f23b,0.03404196448946797
ck_4221e07b17388fd3,0.001959299735469385
ck_adfb8472d5c3d669,0.004311618962444246
ck_0742fe64055d686f,0.0001523870867912444
ck_5060aefcc8b6f958,0.00027364335561421224
ck_643f549b4ac78a26,0.040678321238971554
ck_dba767885bd6ad69,0.0011909711378788454
ck_0dda35c0c64c7073,0.9976666689107764
ck_38ea56d43afa5660,0.0008367179762807433
ck_d813e15ac91f487c,0.053157684221757366
ck_4c840e5585a7b167,0.007407516186108249
ck_cb8551453a7bb929,0.00012465242942217208
ck_05a00b1dd5a03359,0.00010010880814918357
ck_837cc7fd48453a01,0.00037172225751391634
ck_49dd816b31fba6b6,0.04160752089297781
ck_86a61d9a39768e87,0.0004152778834157738
ck_cd0e76f0e7bb38cc,0.0020188814566332947
ck_dbe58392635133ca,0.008882076727351135
ck_3caec7dd6f8d02c9,0.0011823226811368205
ck_bfd9bfc5b6ab4a54,0.004065289034130699
ck_2103399bdb2898a6,0.001413623968081829
ck_329f7de7279e74c5,0.0007795135182683467
ck_9bf0d28119fc42c8,0.0028603763165860013
ck_f781539b1042dc83,0.00022778893943709754
ck_9986c7d781ac6b4e,0.004562801193437027
ck_a627734880aca848,8.549390316669615e-05
ck_2106e509d77fdb4a,0.9744313673850008
ck_420d1a9c604293ce,0.00030157744921050124
ck_fce0610c527e2b56,0.0020542485136434
ck_073da541ec3f9d3d,0.000575314354836634
ck_aa5f3ab48c17fed8,0.04041869398459778
ck_0fc1086e1c9e04b6,0.0005413516716527045
ck_5c33bb46c1a5945b,0.04322797376578838
ck_500948a8d4bd8e13,0.0013262193129409629
ck_19becd44f2c3d2b5,0.0003540783702887161
ck_7d0fe77dd5ddb656,0.010877328952866508
ck_f158d9e5f101bb35,0.0004566129498395117
ck_cdd7c77823c2257f,0.021402106525537735
ck_6c7b41374f9b2e55,0.000254692506053501
ck_417090dbffb1a63c,0.000520210817458923
ck_dd0e17605f970319,0.0006403223698785132
ck_3646515079e6be55,0.0012094645090635575
ck_89c8b06aa8c84b2d,0.0034578224476077587
ck_e4d6dedd97233c07,0.0006960857089708923
ck_bc82fb1895fddde5,0.00012797407341044075
ck_88a8b1d442ca3686,0.0020354080803285626
ck_5791f8f76a629a4f,0.007154586985933094
ck_9cf5e88e97c8c7ea,0.001338712321042516
ck_58fd684aa5a6f289,1.2175369924516186e-05
ck_9800c21dfbd8e811,0.00037339971838757854
ck_8ae64df60ab6ccda,0.00027211648447419024
ck_e535fb0f0c00418d,0.009052900531492379
ck_48011996d54855ac,0.3281706035472988
ck_ac79c72a8fe3fdef,0.001158009172475128
ck_b8cc2df5192bc49b,0.00024683905086478737
ck_e96a5e1f08f8a867,1.85721601733814e-05
ck_84df6770549e43fa,0.0002954812905629382
ck_e5f7b99ba6ec5767,0.010430375969650841
ck_8347455ab53ff620,0.0006374510426860964
ck_a84f2cdf695a71d6,0.00038570638388479297
ck_90456160115f9ef4,6.522288900987909e-05
ck_ebd178b3f3a9c50c,0.0005604091747402878
ck_e1140be6157bacbe,1.468558752990725e-05
ck_744ffc11d32b96bc,0.0012487574521922059
ck_e12a9f7d027e3387,0.00019636693745891611
ck_cbe525da0b69f18a,0.0012278584372529824
ck_aa59702537557ff1,0.0015864526219307679
ck_0348cc6908f7f3af,5.89016527669674e-05
ck_120e995d50956bee,0.0979251954856541
ck_9fcde1ff46cbbea5,2.9523340027077135e-05
ck_54b0b070689c50d6,0.00012356109652617177
ck_966a167758fddfd4,0.0051218143816748685
ck_d5194f2e92fd6427,0.0009584063831915828
ck_2ee84f3fa27f2cb8,9.409775382877397e-05
ck_57d0a7eb7eae2eaf,0.011102423540687868
ck_6a2c4edd82e10969,0.0010117685898075011
ck_96e4d38ef670eaff,0.00874507531354836
ck_52cc2fd5095b169d,0.004021716867759571
ck_4b088920f3a844c1,0.025394230883692873
ck_8f3ccbd20d59f1f4,0.00018786217091262925
ck_e5e5dc431bed6f9d,0.0003673973585637545
ck_e8b5bfa6838e28d1,0.002721544946038572
ck_4bfeb78b47b7c6a1,0.003220035513076519
ck_a705c61bd679496f,0.0009066079352182232
ck_731869a0c39cb2fe,0.0008181662338495
ck_259eb102342057ea,0.0005504140618148534
ck_47a6005fabc33551,0.00013800433925789855
ck_682262b455a9edd4,7.363855869549487e-05
ck_e839d104854945f0,5.388264462404715e-05
ck_761989aa4c47d746,0.00758591375583108
ck_44211dc210139ed3,0.00024691027738332137
ck_9915ceedf63a5289,0.003936059220171687
ck_da59ab47cb6284ad,8.307851048835277e-05
ck_e5cdbfcca2456652,0.00011056856728131605
ck_13f2560c6a1ec62f,0.00019289952789688247
ck_a0543e9b3abe1001,0.0006892701891361495
ck_11c7a58e09e6547b,0.0030141509279976975
ck_69587a134d43a4ad,0.005925957630822713
ck_28dc0de0ae291f37,0.0021567989380187388
ck_298922703c5bbe05,0.0010659871033229778
ck_fa5ba9ed9ed6a343,0.0015757899491910434
ck_c08e64d424e56c05,0.001195038936058692
ck_598e036a28262aeb,0.004739298361213793
ck_3f7c870510083a51,0.002104830828575659
ck_364f8203a3e98d36,0.2794092487388647
ck_7333cedb61506ead,0.0019404675583004152
ck_1d96d7fd65f208b2,0.009987252093776553
ck_63133a79f23e2627,0.003207703174192189
ck_901d820e0b72abae,2.892975159582325e-05
ck_5dd80b3c01457bd8,0.0012353087834024654
ck_c0b8067c144ed6c1,0.000573870787698584
ck_cebb8aa8c8f62c60,0.00017162311043126936
ck_79749eca42ff1f5f,0.000196011515594846
ck_2cc1d9b587f6da31,0.00487726515672444
ck_ccc7916b56d42195,0.00010648374332228884
ck_e43e53cc7b8b8e41,0.00025258296988213457
ck_4ab74a6e7450416c,2.6531202221380846e-05
ck_6e44024e9de301c6,4.772503574885719e-05
ck_dd78cb6ae2866cc6,0.000506775183619589
ck_c363d3b050baf3b8,0.013044255798047112
ck_2d46291975f0dd08,0.001043180725957206
ck_76ebeb5aee42f041,0.018400682195176765
ck_8395f004cf4d4c08,0.00012585982343802708
ck_de7259c3741db179,0.0007992467822813237
ck_3938e92585df2b34,0.00032234632523770796
ck_af69bfcf4f07d932,0.0004797595560328734
ck_1723900ab9afe374,0.004604657727863374
ck_3d58628d1c853c8a,0.0010308509948029803
ck_12a074db100481cf,0.04135146389581396
ck_8716cbf892c50e29,0.0002691418811557771
ck_fbf7351958ad9615,0.00037222927273645583
ck_a50370907e6b397c,0.0014656401098913172
ck_937402a60df0821c,0.0002416073296594662
ck_8ce9c5807acbef48,0.0002152565998102244
ck_acf7d65eaaa4c31c,3.367369608011867e-05
ck_ec3eb6dd0967cac5,0.00408900167153835
ck_fc832b0c90c9bdb9,0.8966073195522082
ck_8129e81cde280131,0.00014049013510798267
ck_52c0ef68aa2fb8cf,0.001541542165515422
ck_06f042e9b1b662fd,0.0030427960983261996
ck_0bf35dcf7b38f650,7.979389872825021e-05
ck_615763afc2e17a7f,8.598397668724434e-05
ck_e72db9d4b2fc9997,0.9987578687919765
ck_13757bf0eeb353e2,0.0006427006962942016
ck_abaf371ec8249c4a,0.015196968081086714
ck_9b7167da0920c37b,0.0840415110420303
ck_2e824b0b27494a17,0.011254298027126236
ck_9a0b605e9c3220c4,0.00014652247278949568
ck_a5276af466b681de,0.0006771738916709152
ck_9e0383e1fb6e214d,0.020006376854193774
ck_6a27c44b691dbfac,9.861935752760171e-05
ck_af39767cf583905b,0.0006233297754656125
ck_243b1b9fdd3f9a74,0.00012021791846181309
ck_c0422e638a9c6046,0.00040719218494332374
ck_e0f3ea3373dfc4aa,0.004496059552663731
ck_d56ee1654378ffc7,0.00012733248717089834
ck_20cd2f5666719baa,0.000143752652766381
ck_4dfa1c1e9b69fcc8,0.0004910244278602049
ck_5d22e9ca1d15180b,0.5841671456402189
ck_f4a7ac178fd55f0e,0.0001767893052066043
ck_fd5609bd23a1eaf8,0.00015310203411670717
ck_49c3bf13dc9471ce,0.002090115421915691
ck_724085c3452d4693,0.1297738389417305
ck_e5d1462846154a75,0.01013641480873714
ck_c69ef0f3e7d6acf9,0.02843056717160994
ck_a2d0417791d4132d,0.002313506006170128
ck_00a07fc2a9183c3a,6.875823774912339e-05
ck_781b8288e54ba8f8,0.15391350973462553
ck_d74a62ab3804a81b,0.00029430901690287307
ck_abcbde211b6267f8,0.004835660749344042
ck_16dbafc035574654,2.1470180229872455e-05
ck_018f780215ecaf38,0.0003203613369174664
ck_0b259620eac51618,5.812809100863312e-05
ck_4f875342394c110f,0.0023279569666434866
ck_399e45e5fe9beaee,0.0001357809167856721
ck_36224a2d394ebfe4,0.0037926692308836002
ck_c189b551bd111332,0.00012068536830810587
ck_125c5a720ecb177a,0.007104876352483774
ck_76d010aa02eb477a,9.076172134041325e-06
ck_1071d14c46c92379,0.960249750989309
ck_61d244b2cde483af,0.0010570063004472982
ck_2ff1860da2004c84,5.9126468215299705e-05
ck_c5b583490198672d,0.0004166885054851293
ck_1294f7af22fade11,0.008210376179978503
ck_e3a22799716df39d,0.00021855619455966884
ck_c77e22834ef97005,0.48827119061094254
ck_73d3689728270a2b,4.778645003206177e-05
ck_295565fbf77ef885,7.614836121021306e-05
ck_80c0a7f54ff4895d,0.00016448632950974255
ck_f1ef5cf7f10b16c8,0.0012880837690127048
ck_a958b2461ffc21a2,0.0030458013408287796
ck_0e7899a57cd617d6,0.0001105807997130861
ck_9d4fed252718f58a,0.0012549591262059417
ck_83c2c34add971d76,2.315086767612757e-05
ck_9ccc030ba2de9fb2,0.0040078627937188815
ck_cd691e3466fb3742,0.00043979983321113
ck_49df70f908dfd069,0.017665441914919863
ck_362ce13eec1e33a0,0.00047617691120770844
ck_2452a30397dfc54c,0.0050159931507511805
ck_a443d49c2b4863b0,0.0005820651063470286
ck_c8b2e2cb349dd0ff,0.00035014895562047196
ck_354909fecf5da8cf,0.0007569648279128774
ck_841f598bbd54c83f,0.005394004117928351
ck_cd6fbd4e8724f994,0.0070023327530611855
ck_e0b3158111370118,0.0018463219764745685
ck_4c2f2eb657c2c60e,0.00013849633811707638
ck_ef346071f0b7654b,0.00021402663726774031
ck_f3bc10e3decefce4,0.00046429421801438386
ck_189b6fbe9b9192e7,0.004981220086319936
ck_5245cbc5ff4d4fa6,0.000804659129641268
ck_cb42e3be6fe87f60,0.0013279413617405447
ck_966d4d713cbc7792,8.161375901927971e-05
ck_1c8c969667cbaab2,0.983088083515811
ck_d35e3aa9ef5d405e,0.009214602860306302
ck_a1c39df50a5873b3,0.0007891936501818504
ck_a152165caf295b51,0.001277257119057209
ck_891eaedae139828e,0.0008217103845086243
ck_1a46b56f4734d52e,0.0005283078579204246
ck_5e36042cfad96c99,0.9940639830601224
ck_02a8582c2603e675,0.0014100928995335615
ck_6def9d0429e4ed4b,0.001735317157000645
ck_e137400825a1e3e6,0.0012180386401059273
ck_d91ab840848a54fc,1.2625943663864857e-05
ck_becb6e1c608e0078,4.943452293195695e-05
ck_6fd8c86ac719d7eb,0.0044042841803838785
ck_3ed4d13f12fd9d0e,0.0016650377819790207
ck_007337aa99a4891e,5.781597414615485e-05
ck_60c3d8306527a08d,4.126166026260647e-05
ck_95458880a54df0b1,0.05747832646826119
ck_b48cd8593533fc1d,0.21995201789395846
ck_021c6a4a7e3f1f0e,9.039352538316021e-05
ck_764d40f865e710af,0.0007817522620591445
ck_4b84357ae8ec7777,0.00016169994816383844
ck_3397c7856b4669a5,2.6996868459603657e-05
ck_920bb003b42e6310,9.262458890030658e-05
ck_8f59f11b512d5b7c,0.0020741573938737254
ck_a3acf4b986afa98b,0.9160373825675734
ck_e89d25ed7bdeeaea,0.0003361126370794524
ck_70e6bca473bf6902,0.0003644461742931654
ck_186161ce152836f5,0.00025624323182026483
ck_9191579254663f5d,0.0010288766521652512
ck_1e6628879e9d653c,0.001618196262671131
ck_b498fa91a0776ff6,0.019469306883291917
ck_cfc2384f22954830,0.0013957109219086927
ck_17673a1c2867888a,6.672770055488092e-05
ck_523dce06515b072d,0.0009143521450185727
ck_c20638a325ead2e4,0.000530212917505053
ck_d3877e1f907cc148,0.00039460764723336234
ck_e9a2495dea8675e2,0.00251634816843293
ck_7e561caa5fa1f3f1,0.014333522993124816
ck_455672e652fe1abc,0.9720739697516884
ck_7f8f864fcc90ca82,0.0010771723288220255
ck_1ad36046aaeb816c,0.000617731790025443
ck_de056e37c82e8e00,0.0004220327949463168
ck_7484c214c889fe7f,0.01277358745458514
ck_32430e678c4f9f53,0.00016893454386565117
ck_6276ece8f80ea799,0.002646127578210299
ck_ae8e5dc4b725bc25,0.005132157030315818
ck_f01be92dc78a2dc7,0.0016871988992859406
ck_233397a8bd40d38d,0.00041118372060266567
ck_f8124911450fdf31,0.9376789411069163
ck_aa0a3179f1111674,0.0002620055807762396
ck_2366b29ed9887a5e,8.428970444168079e-05
ck_1f22f04dfc08cf27,0.00020004566697861062
ck_b62276c3426d680c,0.000682261595654846
ck_d099fca88691f66f,0.014135051140949354
ck_166bd1dcbaf4d6fa,4.226045707000803e-05
ck_7b1660e942436e12,0.0004924022835879188
ck_4a9a791a1d409a3d,0.00037673053156641386
ck_b003e5b54df65db4,0.00040303769412664426
ck_64b4dcbf436f0b75,0.00025526908492859326
ck_26e9a7bb2061a58e,0.6883985015141528
ck_08b77ad5f8f73007,0.0010815647283610762
ck_366616a725afc6bd,0.040454191225413126
ck_934fb5064b6eefe2,0.0002564707618522242
ck_c6abd5d57b1009d2,6.566598273373143e-05
ck_edcfa9e1cf29d813,0.002938259063393308
ck_c30201ebd003fdc7,0.000775772713903827
ck_c54643d94d3ce355,0.0012938287334464803
ck_02adda6e91e49650,0.0033988629965036716
ck_5b73d7c5255e58a3,0.012968754561928504
ck_129ffae92dc01408,5.0198891914125404e-05
ck_fa321945ebedb916,0.00532508907304315
ck_8da980cb2e1e2bfb,0.00013898029707294326
ck_0576b00d728bdf19,0.02348991589026245
ck_c543d82e22b3c8a5,7.619811925670757e-05
ck_0027ba644f9ae2cd,0.003791937525625986
ck_8dbf61df902a6bbc,8.692309902773902e-05
ck_90eeca1cda79fd41,2.7346533650243372e-05
ck_86d7127391d4e01f,2.3034531142444185e-05
ck_73762038c7ff2f6f,0.00017715182929207087
ck_a1484e6215fac651,0.99248493515269
ck_cb83b9f806e90dc6,0.028104141915115795
ck_8c6f059c95872126,2.6209848366828915e-05
ck_3174419a81e7caf2,0.0003468519881896423
ck_6a0f8f8fa4a3c2bc,0.003122173485609482
ck_b5777605668bfca1,3.549245638769639e-05
ck_27e4de495abb4d15,0.00793089409864644
ck_7f6fa79c7a107161,0.0003160102602978829
ck_c36ed9f8e6792ea4,0.0005894632643564601
ck_67a1aa88d2ea554a,0.0028873221661815138
ck_09748dfe4df3d540,2.428293595193538e-05
ck_27fd85b1e38b675a,5.275641638726394e-05
ck_2369689bd795ee10,0.00023405754406589753
ck_4eb1c12f7d092bac,3.647555862363001e-05
ck_01fbafc42c8e33f5,0.0002486983018772185
ck_93c4e05699b3b7d0,0.00012684929576512033
ck_afc484d1b6907983,6.808205874385718e-05
ck_1b2d9cae92a1aab1,0.0006872432081336602
ck_73b729cb161487f2,0.0016571329707938823
ck_fe3c1d0ac090d960,0.050725604851291496
ck_408efac1d3885ff8,0.0018371228661973173
ck_ccb4dd9d0a48a76e,0.00031259663172542463
ck_2987eab34ca7805d,0.019892573636386423
ck_1dbf1f15193197db,0.01697133230167824
ck_4ed711fe4053e74d,0.05633215466567075
ck_6c54adce174f45f4,0.0032268328807531776
ck_a6c740041faf0bd5,8.807506301938063e-05
ck_b05c4d33c4f43639,0.0060471278065026175
ck_032880f1114dd51c,0.014938348346248423
ck_22311b037456a76e,3.748592287273439e-05
ck_5866b413549765bf,0.0003239661451697243
ck_0e808afe2570ecac,0.0004453537970961215
ck_634276b05f4381f8,0.023023973180239875
ck_5d8773badd0d4740,0.0012354681633008396
ck_82b5b79ce3517102,0.9696613685931881
ck_b378b8d8100ee4b1,0.0012191365688205508
ck_54e581f71be5430d,0.0002378945064359738
ck_798ba4b8aa544fea,0.0002091371306441877
ck_3fe86b6331ff95e3,0.031861628108740596
ck_81275d9d4c559e6f,0.0004286764665108701
ck_99a4e5ef02d89493,0.0009574697523248275
ck_54e2eb018d947790,0.00026244326333947366
ck_966901ea9c77cc02,0.0002074918039938869
ck_27d69ff4e0cb428c,0.08620975197582342
ck_2cee2dd7bbfc09a0,0.9714033615108268
ck_4136b00924695ab4,1.072601828239479e-05
ck_59a164c40c03a45f,0.0001458132607405516
ck_3e24b026bc66789b,0.0006756812704721603
ck_8105bcf69a75ee47,0.004621984578672527
ck_7a1782cefe26a456,0.008153327090955334
ck_970c7dc195161272,2.217064628067587e-05
ck_a48ec0c00ae20e82,0.0004533438989713796
ck_54b374ade34e1dc1,0.0006691927627220001
ck_74e5dec189761d14,0.0006688490671772996
ck_4717f24f2c6f40e1,0.0014544165308758479
ck_fc8cd8a8209e802d,0.002120288965305398
ck_71db4131d7efe218,0.00021658510660365954
ck_45424ea6f0bc4650,0.0015157413188422735
ck_3716c6181a5035bc,0.0012874398149230258
ck_26de14b96bdad4f6,0.001010262139675421
ck_99c0a41ac9c73857,0.0010443969192608332
ck_645f15bbbcff3b4f,0.9925113693200075
ck_b7e25ddd41514d4c,0.00010623278178608161
ck_d5c14e877ca7b755,3.4499779586128585e-05
ck_05ea4440dac6cfad,0.004030261495684743
ck_c58bafff7b1955cc,0.038939515291591065
ck_f0cf85b67a9b840f,0.0001988421582351673
ck_ce1500a7f0d03fba,0.0003607931583693293
ck_d4972a775aadbbc8,0.0005889718088202035
ck_3eb6146c262e0fc3,3.1194634834681825e-05
ck_afb23858a4ef42ed,0.9965427430644301
ck_2c1def5c91c52a5b,0.14470325911122553
ck_72e550559487b919,0.0004557022184948532
ck_0284dc2b4f856b3a,0.22427823958025975
ck_03be334935e999a2,0.0001682257963286186
ck_e35a4b4a3cb4cedf,0.0008535529995488115
ck_5abe57dfff4b735c,0.00045051278310791925
ck_f5f87f772388efa0,0.009298799207240752
ck_5a22cb36d612236e,0.0002178129712004306
ck_8ff1e6028e764472,0.9801396851972632
ck_2ab28149b0986642,0.9255459707294483
ck_c88fc1bac79fa6d3,0.0004050211409086361
ck_5b137d74bba6b1b4,0.00015941080071471477
ck_11f362dca2dfaf5a,0.0008781883785181329
ck_7f960541e5174565,0.0001567119719798439
ck_d5458ba39ae94498,0.0002670046579269387
ck_0a921a73a90c2e39,0.010414816812241937
ck_6ad56ef40086dbe4,0.00015015715455205927
ck_b68199ecccf2350c,0.00040863825118523945
ck_6dac66c8198c07d8,0.000635065545616512
ck_9b9ce7bebc235fe8,6.224107254804273e-05
ck_6b817117d87063a8,0.00136871327816125
ck_900d62b3184378c7,1.1818473497975308e-05
ck_eafe9b89857149b5,0.0007527395686672174
ck_e74716a525ee5b24,9.577438418000618e-05
ck_4e9a6f06ab134102,0.0017465317880858016
ck_b0d33b5a3716661d,0.00013593837326088655
ck_8703543bf3134306,0.0016902146910650602
ck_923d6a0f83accef1,0.0002925123533089739
ck_52e37e2170532e2a,0.06490127978506605
ck_c1c5ea839c58958a,0.009005928420688713
ck_660f0006780e87e7,0.001170669400070136
ck_830b2c5d1818ac07,0.00041898015523803716
ck_b080ff636932d1f1,0.0002731896298454005
ck_38730aace405f2ae,0.9994251101632207
ck_9790138467a06223,6.630559431342518e-05
ck_10de0b0d86b17839,0.000909541773158662
ck_c3e37a4d3382c32e,0.00027706183929111783
ck_dd8edfefa1eba531,3.0241968095464484e-05
ck_8153cdadd300d234,0.00013145550430973088
ck_74d0e7c2c6b63d36,0.879147331136801
ck_c478aae3031bb328,8.224785694254283e-05
ck_cf301f2194975866,0.0006549794128708556
ck_f4de03f44e3a5bd5,0.0009674958376379465
ck_b06ce826e593b210,0.0026228593741424292
ck_2fc70b6baf6a0e26,0.000745370201038598
ck_d208494cf5c90047,0.0017786516540004205
ck_086d29ccae565e5d,0.0004853551934541139
ck_d5ef6dc116dee408,0.0003674350091545866
ck_fdf0c5b722d83464,0.00025601672972168924
ck_de8494b13adeffb5,0.00015987520496447554
ck_556786868599143b,0.0005981583285847764
ck_4940e78cbdcfecf3,0.00047537037747777286
ck_d32fbbfe32c00416,0.0007376906953391592
ck_bc7710f7e9fae649,0.0005622669062340991
ck_416f7ac57da081a3,0.00031537651983274686
ck_6fb39b60c67d5475,0.0003460391578222209
ck_e40a156511345d6a,8.912648136990982e-05
ck_49ab879b5aa7fccd,0.05279927657330229
ck_bb643194d1cbc47c,0.9984467898763904
ck_b3ce8f1bcedfa043,0.0013062082115316207
ck_558ebde8c29132a4,0.0008422977115604474
ck_e6222925762273b8,0.004844489547125953
ck_bd80546b4807dd59,0.001026267492791846
ck_bd21164bd2bbb635,0.00036562849294597587
ck_ea835557d7043667,0.0005885129737409372
ck_1411a80a157ff39c,0.008934291918374285
ck_ab973888c20c9120,0.003942232225042417
ck_95b48972061abe82,6.226246119793387e-05
ck_fc4a43f8876bf10f,0.9287873951264826
ck_f34fb7ccf82f41e5,0.00032118648854757804
ck_5af9934a56801ac0,0.0025958629420834026
ck_fc7445ec76389a58,0.4641287499204795
ck_1eeacc26f02fbba4,0.008221665195348674
ck_4f325dd15c9bd45c,0.0006765582821492513
ck_5009a6c8bbaf15ba,0.0023293497498108333
ck_0f3de7f074bb33af,0.00029083243233723826
ck_2cbc2f93a32eede8,0.002379006677131699
ck_4bb90a61c21a303b,0.000912894335244482
ck_3ade9eac7d7b0dbf,0.01602596328395413
ck_4859a58629622915,0.0019921014629665154
ck_5fed957287ebca03,9.758226183032701e-05
ck_ec01ae5351500355,0.0005861289604519562
ck_703b41624ae6a5b6,0.0001659113015098551
ck_97c38e7f61c27e47,0.0013382931240992991
ck_db2c0908150cb2cc,0.00029679802330271997
ck_64ac5e6fed86ab60,0.9886831312652253
ck_da1c853b0a061e83,0.002894034118067168
ck_9a36916b60178ded,0.9483703098838849
ck_3715bfa7fed2c675,0.00017460985590717518
ck_dd3feb77d7d4f6d3,0.0006854879994232972
ck_982ebb24174a4ade,0.004816715419353352
ck_f6b7a10d47dd9a1f,0.0004743997777817205
ck_1f56fe99f250cdf4,0.0012607984358761729
ck_deb3ac0606d6f6db,0.0019694220818281052
ck_e666629e5a41b39b,0.00027326853317047604
ck_756d2c13d02b3e09,0.0004295902203125177
ck_7bc752ae7cf5d55f,0.0006114576160914625
ck_fc0cc4b25e6a8194,0.0001958055856320015
ck_9b2b0e286de78a1b,0.0010922027057323534
ck_24b0803447211bf3,0.002500634313022047
ck_82eed68d05a42128,0.000477623829103447
ck_c8a03c516ed5b05c,0.004419747427979981
ck_e914974cee1bccb1,0.001337816724302682
ck_0c533ff2d0f9962a,0.000954550661025271
ck_c12805fa5d970a83,0.02765582680760309
ck_fc2cb29918631f10,0.006529720314232067
ck_c20e89afe575549b,6.228258616613936e-05
ck_e1ff9e31becc27ae,0.01379427188957827
ck_18116d0ac08f1996,0.9620789967345611
ck_885a83975cea5e64,0.0003823854770373032
ck_a0c3059a959ba5d1,0.0010637266174053995
ck_75257ca7d7da2861,0.006197007728853502
ck_2210f7a0d13bdbef,0.002367627031255416
ck_9cbd9ecf8374f65f,0.0004311850918142909
ck_18f67c00ba21fbde,0.00030576152639780847
ck_2d28f14d3973d8fb,1.0459872923840883e-05
ck_8b3401b44aaae728,0.0001781230801863956
ck_9d8e9ef37797d3af,0.3186337358882788
ck_9f50920c894f64e1,0.000136974774349813
ck_4737e0d56c6fa0a1,0.01085439976133588
ck_52c311f29ca3aca9,3.068912268161196e-05
ck_6a4981bc721df37a,0.002042654587123583
ck_823539d936c55fc6,0.00024547294472200505
ck_df5aedb4118020bf,0.9830974350345143
ck_a911a066ff0f7b56,0.11690110178331417
ck_684609767df4a14b,0.0003745662757812656
ck_f2350bf355dc919e,0.00024712355763776097
ck_8452b6cf97c65a5e,0.0001676687856207743
ck_084cd84501012218,0.26058315699558937
ck_ace6b72e5bf3e93b,0.013345006583927219
ck_2afdd69094c955c5,0.0006974020059673694
ck_fa7d5be26bf7b31c,0.014612242479983072
ck_4b041217690fca2f,0.010108230968115113
ck_9fb8e3d38cdf276d,0.9722676488019254
ck_c1ee56d65a42f59f,0.0029395891891783273
ck_fdeaa1cd085691f0,0.004948875497659384
ck_5de33a7a87e9aa62,0.00232572851566356
ck_7476e7fe1ff45545,0.0037222073899856795
ck_b0a947b498e47018,0.0007764646409136874
ck_e3894ed88a7977e4,0.00028996922490719844
ck_c7e07ebfb0bc15f6,0.001953911786724912
ck_3a3daa8b376f2a18,7.180141116747326e-05
ck_87809324c2675b0a,0.0018012642853669145
ck_7eb4f33260f1dcd4,0.000428172122695811
ck_ab9f0e08af030060,0.004465557898491612
ck_5b8fc4a76f340797,0.0037437634635100903
ck_0e7bf10ef49aa818,0.0024710714461077623
ck_a44462a3853ac67e,0.9981908501601181
ck_2d14bcd2e0fc043d,7.910866015161277e-05
ck_df1f2dba802296be,0.9970301639429024
ck_466a7316eaf149b1,0.0012075243395850987
ck_50df50af592b0c06,0.00026209833993420226
ck_5f9e34c849704b95,1.6246166134783275e-05
ck_7836bf6def26aa87,0.003563318342878328
ck_ba175b1bd8efaabf,0.0010696759252158557
ck_1a0aac7f7b94b1be,0.04150348397849754
ck_6768c4b2aa8ce586,0.01345828850296859
ck_eefcf0ed15897898,0.0006378701722865901
ck_7a6cb27e390b6ceb,0.0011894928631681566
ck_5275be4e1577c1c7,0.00017033498465706054
ck_6bc0e5b8c0b7d2bd,0.0004886544439921607
ck_4874bdec79f9106c,0.00233062620147031
ck_a678731156ad7bd2,0.14820783669552598
ck_db906debc36a5d1e,0.0015430847976996404
ck_e87897767c612942,0.0011926173533012801
ck_45ed5ee496ef8a67,0.0006719787838110583
ck_ae20e28f9854f3ee,0.010883673047077025
ck_9ee044b73943a90b,0.00027842904442966303
ck_dab34cf6f0626c9b,0.0007735314668730974
ck_64a02b7b96149810,1.5113849280835386e-05
ck_c417d06f3e94685d,2.1870912599525777e-05
ck_3e0149cdee4cb294,0.00020066745849994552
ck_0e6046fc30f81705,0.0005992929297475378
ck_c383aeabd53e9c89,0.00020294076028084352
ck_2ef76f1f36e8b869,0.035295925401355725
ck_43948784650bb9ac,0.0011141184417908904
ck_bdb966f43ac350ee,0.003422190767866332
ck_5bea0e0ee0b094cd,0.003685559383904109
ck_dff090f03ca5529e,0.0005548216919036399
ck_a4691b57f837d88e,0.0004013145307973521
ck_99ee90946395d74d,0.9971310426065002
ck_cc81dbc83a8879fd,0.0006201323055980085
ck_f3dc0725621b3a35,5.819981448549558e-05
ck_1bb212d1288b9689,0.0007469336498773496
ck_9e7278fc7679f002,0.0026758879222263344
ck_3ded7a8720d7e311,8.958423609503325e-05
ck_798157bcdb9453e1,1.2994474673627606e-05
ck_9fba80f56f357fe1,0.0005201870011662545
ck_f1e1c8491f16f912,0.00037489989689994417
ck_7b1319a5ca2f63c6,0.9983705900800417
ck_124432fd5c92af7e,0.5079647024769233
ck_148cb0c723284dc0,0.00025669952487239494
ck_b56c62c950eda009,8.623714109825945e-05
ck_a0498755cd8d7188,1.9868856129362174e-05
ck_5379452a9d74efae,5.323979906186017e-05
ck_6c2453229d608183,0.008026639449199608
ck_f9d8b4813a88c1e6,0.0002603653942783238
ck_c2c7d1e45a521857,0.0032335160565179796
ck_4364a83a11743888,0.0004809382447595777
ck_2cdf5fd97ba75e06,0.9133531233993263
ck_71bc01291e0533a0,0.0007836508658089493
ck_a725d7aed2a0bdc2,0.0001986488698268512
ck_a9b0c4dbd7db6a91,0.0034642468792352244
ck_a4258806a533efa9,0.001363949343681264
ck_905e460591d9a278,0.036554017774889286
ck_20de8abfd8960ee3,0.0021644357044456855
ck_252b0a0f1119b220,3.564365373229366e-05
ck_95e4bef65c36af1a,1.1109165350116945e-05
ck_5ab68b434ad53fea,7.62139457504349e-05
ck_13677a1957078827,2.9242392159637377e-05
ck_d251e9fa09e542dd,0.9995714468574894
ck_700cb620f300dd47,0.0007766842994725124
ck_39a68c55a1bd3ace,0.11759957107081742
ck_61a59a7944d6c53e,0.8924021635310159
ck_db6d1c6d31da967a,5.678437863890369e-05
ck_650020c500b1b50d,0.0007228882652344215
ck_d812eb6930192793,4.615487536811337e-05
ck_92f6ebc11ebca89b,0.007004227844960919
ck_d87e26eb5bc84b01,7.581165063601454e-05
ck_66439e697695224c,0.0002756144919652536
ck_f21efd504faa654c,0.00011828882382054247
ck_15eed0f5652f0352,0.001102985839843018
ck_bcdbf57d98dc0d27,0.013564745879505714
ck_873ceb8004d3a9f7,0.002216834796833682
ck_70bef9ddd4bab005,6.315696371872844e-05
ck_7560f1891d66f294,4.668816190997106e-05
ck_f439f16f8693883f,0.0034790321549260476
ck_14f9535e53f9c7a6,0.0011006523625562497
ck_5984be472d2bc267,0.1201066480886099
ck_ed01be7504dc4187,0.002169650927080257
ck_dc3d8b5c17b67ae9,0.00014751795966864956
ck_9dc23031b6b494af,0.19377569939856687
ck_fbdac0221bc03f66,0.002237696043913728
ck_863708a99b92ef0d,0.0014681616791036279
ck_22b52654776a1ea8,0.999186680481227
ck_a0714f98001efa0c,0.0009362719417407802
ck_9c56114f84e9a541,0.00010504558681563625
ck_e155cf506b2fb699,8.699895261055845e-05
ck_65ed7e72f24731e7,0.00018774415796295798
ck_822d6e8e43befc72,0.9856057811923165
ck_b1182471d9ac6b26,0.00031488530483086486
ck_821446adc95e6da5,0.00014164312791086088
ck_ff182f033134dbb8,0.000278293984038479
ck_9c5feef7647b0588,0.00013885701678182356
ck_df935d8bdd44883e,0.00019364339191645772
ck_01eb24c18ad11fca,0.012074666410379135
ck_00d6730134a1eb51,0.0005124852448925548
ck_79ba8e85678d0224,0.00040569054205943125
ck_97e3b04a1350f6e4,0.009872769074903675
ck_74e9747954a46eaa,0.00015581636191577708
ck_397d5fcc9972f909,0.01227963587194205
ck_9ede89e8a43c3f53,0.0012945558804760154
ck_303b33910d67f306,7.125278421971869e-05
ck_3c17841636f6f7dc,0.00032509527228975695
ck_78730527f8ba1438,0.018807475698884628
ck_5ee32bc6bb5d1d4c,0.0023931295784769355
ck_a13fee8cd925d0dc,0.000650578609433692
ck_6f847263379f2e43,0.0012168891200626064
ck_9b9d9e579e7b55b2,0.018966849495029154
ck_87c1d0a79e79c84b,0.001176627599597009
ck_bfc453eabb472f91,0.00013841608481721083
ck_978c21bb5fe3171e,0.0038742851492831794
ck_dd882323474431d4,0.0021646214689726626
ck_533c4f7400d5ab22,0.00541393979187966
ck_5f217bfe28954e75,0.9974148015609465
ck_ae96d35465b3b4bd,0.00023133220038780018
ck_512ebe97c0af94dd,0.003469296062684592
ck_f558fe02bb0219b8,0.0016152585971497783
ck_84092e23d5ef4d51,0.0012725016013636185
ck_17d3022ca12eacd7,0.0003390350736873511
ck_8a8f81bf3558fd9c,0.00037788728805094804
ck_0ada6fed1864e7c4,0.0005024917311346904
ck_21fe7bc59dcd78fb,0.0015322124861357166
ck_e136e20c1c74fe38,0.0008273237665607525
ck_e7a530e09d113dd7,0.09776963766117312
ck_7cb0c9ded4d63027,0.0024079141333236656
ck_102db9615e722c9e,0.0017598343448822294
ck_129e39ddfde92eeb,7.964372567218571e-05
ck_d730ff21bfd7769d,0.0008193702966431308
ck_54459b45d2be8459,0.00010298941220303223
ck_7f1c20319eb60aa6,0.9996533632474695
ck_939fede90473e412,0.0005056506861714715
ck_e0f9506a6d5f4a1a,0.00031346471015095573
ck_9a4967cdf49265cd,0.01707288742521416
ck_b9eaf03453ac7d5f,0.00019303349838559812
ck_522477be6376b450,0.0005538209532074296
ck_9b6282e3bad50710,0.002073266467049482
ck_a0e3a2facd508e49,0.0013068070194344555
ck_97ffae702f7c3d08,1.2773075182633945e-05
ck_344a95cb7115ec67,0.0005190982230778702
ck_1f2760764afa45e8,2.5709459550760456e-05
ck_720cd658d11ea428,0.001104775967886961
ck_04e32ee9834c088d,0.7576618995428515
ck_2bb1389e5e72c8f4,0.00885509063240822
ck_961e7dbc217cfbbc,0.00010776746850220968
ck_f3bce4eccfa6d6bb,0.00012947337064863433
ck_e0ccfa0d689339be,0.0007147379652725066
ck_98217aeafa0bfefd,0.00271112501619336
ck_a02aeec1914c158a,0.003171825078282652
ck_20a17e8f206a14c8,0.002301535070759674
ck_114c32aad4b6183f,0.007489239477501123
ck_79f5198f0decef20,2.3671164515340452e-05
ck_2209de229b4c71c5,0.009197044882200462
ck_6ee939b7f396975f,0.00034347898776189163
ck_202f0c14b07ace01,0.006265496480483976
ck_fa24db9d416ab904,0.0004252985422493025
ck_cf6aa24b92c4d33c,0.9004556904986533
ck_45f57fb8194cefc8,0.0018127447757622685
ck_d5eb179dc45394c6,0.0009094661510839893
ck_efb24be983342f75,7.65428299730719e-05
ck_245f5d62ead5ef28,0.0008178677287640529
ck_15fe2a47fa7e92ea,0.0001661226115685294
ck_b6527a85fd682554,0.0035263620162516857
ck_11f9390a11ce9ff5,0.001078438407147638
ck_ffb4d892c5158201,5.0458015971601155e-05
ck_d4c1da5a1427fd6a,0.000583869304029156
ck_2c041b1efb1c5063,0.0003612912388233006
ck_ecc18f40b33be769,0.01094784317737819
ck_0525349f3945375b,0.0050124905796179635
ck_0bfe62e0c7eab9c9,0.007638464637003938
ck_b7c37d410b1646c2,0.00036258333257712364
ck_4b15b0746318cf42,0.002645753777902829
ck_e5ee006ecd8ff661,0.012001201158344679
ck_ccc83cf66365357b,0.046914283076139936
ck_34a33ffe8339f66d,0.9917438895387732
ck_4e39e3b165edab58,0.44557192513468313
ck_1a71f8081ae00190,0.5702987001092404
ck_ed8f1200fc049c40,0.908652265595679
ck_8a5a57858e8c77f3,0.021224482727190436
ck_fff9fdc2adf5100b,0.995119781815263
ck_c76f1bf40f3b787b,7.280615759859728e-05
ck_1a6ddfeef82b1b1a,0.0003848505290471777
ck_478d2667aa9896d9,0.0004362440428897805
ck_641c8e7694b21f3b,0.0015563623856816693
ck_293581d879f6663b,0.9164441614279313
ck_1bfa8abdb22be8f0,0.0011321451137864022
ck_05ab5b03d0bf9ce4,0.008174217595611087
ck_35694db37f0cde7a,0.00023555485241721235
ck_fe33eb743d714c03,0.00023783449972143762
ck_abd10fbcbaf2b038,0.0004303535198365559
ck_46d51648c1bf80e5,0.08404410080418032
ck_5c8390017fabfaef,0.014959137210375985
ck_87d55ca333f22072,3.397904314349496e-05
ck_c39c6a1453e2b92c,2.742355822166062e-05
ck_69ff1b0aa143a168,2.4571545016603404e-05
ck_e57c79eaab35ded7,0.0002534254163703835
ck_463ae759e2b6ad1d,0.0006347410529175446
ck_0dae4a7eb587f3ba,0.001589649793839693
ck_9b12fb56529ebc4e,0.00028983326234034083
ck_1af547077ba2dd03,0.01744929617590397
ck_de13de941bebc7cf,5.936592697973558e-06
ck_83dde7da2bf647ac,2.8789235039645365e-05
ck_c80a94d4660041fe,0.003205716673774387
ck_f39cfeb277ef6528,0.0001291991315193047
ck_1cec1ed1512a2d3d,2.147805811537332e-05
ck_7955a359b6448799,0.00022087472233620767
ck_8c0955dad13c3ca1,0.00015347448786367493
ck_6d4cd2de601a2308,0.000506253685155717
ck_f4536ba8dd2d551d,0.0020697365940190227
ck_b379c198d6db2d62,0.000465727745627637
ck_76ea90ebc74bcdc7,0.0014395718153580133
ck_734f06bd4aa92781,0.000981577074846096
ck_677e1d0c14cbf569,0.00014626799969545072
ck_259271c70f3fbcbe,0.0019794392703911695
ck_c0b744eb9e7d4eb7,0.0038291064507845313
ck_3d41faeb96802f68,0.00013347331365343726
ck_8f604fa70fc3c8e3,0.0008680507802209597
ck_0b3c3bea0e0ed339,0.0015285040017277314
ck_be5df076b8a86409,0.0003143705241714075
ck_6a475fe324d7d790,0.0004923883604349593
ck_3ba3fa5387bacee8,5.471523397170629e-05
ck_324b9939d9c1c31e,0.004232723412649723
ck_a7fcf7b592f68ca1,0.02567389604163221
ck_5b2728f7cca414ae,1.4641246523202552e-05
ck_5f4a25ffd0b85a47,0.0016791422307495902
ck_63d4f5076fe4406e,0.0014921726479384203
ck_af528d66c86f0cb8,0.8071370275890356
ck_ac7cdb9b8da7b5dd,0.001986435787658737
ck_3bece63711407e25,0.0009011091066560493
ck_d4e0b2a12fcfc35e,0.0012191247180693486
ck_ee3e7c9d3a9c74b4,0.002272976761093744
ck_50d7c4dab837bf66,0.00043317184706190195
ck_ebcb93a2990fc914,0.0048721831764225974
ck_2329cc9702cdf7a0,0.003005268492561175
ck_db1fa53d588bf99e,0.00025129498996920914
ck_44e57a0bad5a0745,0.001055932398231267
ck_472c81a144f4631b,0.00010095329029701218
ck_1658429acd5306ba,0.0007386639007768364
ck_466103ec5bd9444b,0.0023851918242299673
ck_9757163e25262b74,0.0012953934878185305
ck_34ed59bc2c9b0186,0.00047174412643987795
ck_b7bd3a7f263f4f29,0.02025188866315791
ck_149662b09d632e41,0.006611236809691686
ck_a9ffd6b3957bd41e,5.0968663138432794e-05
ck_ab80466ef615e85c,0.0002907251224141998
ck_f2c824d3473db24c,0.0043007073807906394
ck_a4a01fd45936b078,0.00516850432868198
ck_8f6ce158c2902877,1.5595844400084345e-05
ck_5189a302cfa7cefd,2.107140215688605e-05
ck_430a3d03be588201,2.0883739300190335e-05
ck_b5f9dd00914b4db4,0.0010203568044912814
ck_52dec82e9cf6135a,0.00014491970316001868
ck_95e444a01e2ab4a5,0.0001148485295597577
ck_e37cee7b123692af,0.002410088415516582
ck_d68d42858a55adff,0.007758925655506118
ck_3abfc010091d679d,0.00034968577335116845
ck_cee4e4e1b62bf82f,0.0005397313559529621
ck_9ccb17c35e636c5e,4.9449753705124944e-05
ck_f72a5a3b0d6c1177,2.4668192297530104e-05
ck_7508aa554fae6afb,0.0032132804403767782
ck_003aa842b7ca1d77,0.054008279052982895
ck_83b2b192f41ee2bc,0.013643331260175636
ck_64796b6b2c3c7f06,0.008427036678887032
ck_6438ae81d43cb196,0.0003889333623721963
ck_2bd73d9098504760,0.004320424234704545
ck_aa8b9b36a099e4c8,0.015029667535434216
ck_e5ece47d0dd10526,0.0008697021901499478
ck_16077ac345472e6a,0.00015218015629790333
ck_a4d6e152b0076964,0.0008016393142161331
ck_d90b1d03ae151f62,0.007080152510842151
ck_18b36d342b530af4,0.00022059438396988687
ck_2a01e610348b84f8,0.003741558202443259
ck_0a93ed76bf36c8b6,0.0013118486602019068
ck_3d56b477fe2370b6,0.0034775854958125226
ck_17ab3068fa303682,1.46237399815047e-05
ck_592a3520d841d11b,0.003502498666576595
ck_84d07028b5fca2f6,0.00900144619547462
ck_f4a2bb10afa85743,0.00010447691963062418
ck_4fe4b072f03f2c1e,9.238717409639941e-05
ck_9ad08fcc183ea1e7,6.968865319650675e-05
ck_130d3848b9dcdb05,0.0010345650122987303
ck_bb399ed6bf28c230,0.0037595007697362576
ck_a31a64a39a2c4941,0.00010505551174763787
ck_c49f25dfb39909cf,0.0013793985085498765
ck_55f50a9ae2db8ff7,0.001996105544549573
ck_09faa4e771cf876b,0.0002978313691472308
ck_df520a7a6e405889,0.2341646749027774
ck_8c8c98cc694ac900,0.0014802245452142225
ck_7f0c4f609673ef62,0.004868817480405427
ck_f51fe59cd445d2cb,0.00016908000732730028
ck_b3fb83f0d772a831,0.0007218589580755045
ck_d6e7e257751c299b,0.00013699470009320193
ck_0d362ddb4a1cb6d4,8.162386212666708e-05
ck_a574a08edaf81781,0.0003878624064600305
ck_a823f5bcb0e4b9df,0.00010754608372397312
ck_f792586ad0381eac,0.0013174187560128971
ck_54bfd70022c66983,0.0001983899152948427
ck_fe0a9372c9372de9,0.00018145662291319965
ck_5691cd6fdb6d8147,0.0017097300037935547
ck_a95f212a02433d23,0.0005758879445382485
ck_f5adad75e1c06731,0.03186223935239534
ck_e09c97520eb0533c,0.0007201155053275097
ck_a1e13c0d58560340,2.1225804425673704e-05
ck_cacc2ca410cbe80b,0.0024354873904298157
ck_c0dde2a6ef1e08c5,0.00028221723083232827
ck_a04403073c90ce38,4.109197097107115e-05
ck_03d3026107175dae,0.001373996714873501
ck_50176dae5b1b716d,0.0001742965627067514
ck_6c084bfcb38e96c3,0.0018077021985160682
ck_36d2be9012f7909e,0.00964016719408064
ck_958acf84c6137a22,0.0004767849498862032
ck_114722e12db90a73,0.0007718228329880953
ck_203c2a22c0c165ac,0.000664679073699296
ck_2c44ca550e5cfa82,0.0018752256138751973
ck_df0a8f20ab8f14f4,0.0007945532378323958
ck_826a27ff7555192e,0.0034402850699567383
ck_09a988ebcf062297,0.007645986815993729
ck_5c82444b3b9160ae,0.0006833889879633611
ck_f6a4a7ed27fe76fc,0.0010258234498923457
ck_17de46314b5c6a92,0.0005415650341838367
ck_335e63101b1e6c4c,0.050875073937510534
ck_c5eefc0697451de9,0.0018289061925380915
ck_49a0efb5d4067b6f,0.003184171565460506
ck_c1f4509c8f5dac5c,0.00030321837570132813
ck_57658eda1c59bc52,0.00013549156496483737
ck_0d5c0736ec76385a,3.0803004548532384e-05
ck_e0239e6ae30795a7,0.0022194411516185306
ck_e4459115cd8e5e4f,0.0009587247864870588
ck_bb4aec09d4968dda,0.012442062106111153
ck_a1b4c96faed3e0db,0.003253299880001162
ck_8247b79ac67aae7d,0.0003536571643453629
ck_fe2fc7d6e5d83f09,0.00010007787434146851
ck_f6aea576cde8d592,0.00039619143034873126
ck_b7e7f7d0cd886412,0.0008278354479225523
ck_ca7b993e8286af7f,0.46524165298196424
ck_47de038381a9cd65,0.10660509608885935
ck_d38f941d09eec820,0.01394902678944481
ck_d9ba2a6c0d926b4d,0.0001102177702734109
ck_cda72f597330d0f3,0.00021685909805837806
ck_16d2d27fadeeacf7,0.0003541035427384223
ck_be05447853d423a9,0.0002781183747779876
ck_cd92852d7376a4a8,9.86242280515778e-05
ck_2faf7ecccc9fec58,4.2803124827866146e-05
ck_db8733fd92f20cd7,0.0001208558642286522
ck_a9989a3a94c26634,0.0013927616559144007
ck_957fb25437c75e41,0.00863720583798548
ck_e6a6caf6e7de17c2,0.0004577663627052691
ck_f7bc569b37e8bdda,0.0009419815710065442
ck_703b375dd86a6124,0.00041957540267964407
ck_d3cfb3603f2c6ca3,0.002287907180470209
ck_07cb2b6f2a4303e1,0.0009012581720724743
ck_31631e2028d4f855,0.00042295657541868204
ck_1631bab0ba1256db,0.0005288867945384782
ck_5fdafeaec036f016,0.0012859523164709117
ck_6eda4c36aecad602,0.00038473451307725827
ck_bd1bf9e3e29de281,0.0023332752496717504
ck_bf378ea558a4125f,0.9749314128997303
ck_7aa2deeda0e57412,0.9990958341705342
ck_d229cf7f5a3f38ca,0.0004992741469219021
ck_9e109edd124492a5,7.869060852896674e-05
ck_779491819995625d,0.8727504328814968
ck_b89c6fa2ad0a12f5,0.006632788021043448
ck_1d01b4a609918c4e,0.6414416442533363
ck_714c5d7cb17bc9f2,0.0003611196045026685
ck_269f1746f2609ed4,0.002913994415679008
ck_4be03a2aa62b93c7,9.566624111744903e-05
ck_cf920313f6dd28fa,0.0013923094716050428
ck_fb00aae4e17740c5,0.00011328665007576112
ck_085d8c42739e2b10,0.9991557780468918
ck_c72a7d0d03cf3e17,0.03682772502595839
ck_8f6ca5d3b17eac6e,0.00015035543976565748
ck_d9573100bbff4014,0.04551246083980813
ck_79d6793d1d0cf43c,4.9752116969657336e-05
ck_91fa5032f7aff0f1,0.0043378498282483635
ck_87110d84872c0fed,0.010540747784087107
ck_8220da627e9992a5,0.0008643199694791449
ck_2ae44938847f3852,0.0011309377266799329
ck_b0f191e44f9b6f35,0.011037526654090912
ck_3049d744b527f4d0,0.0011461611330014399
ck_47d3e8d1dd3fbcef,0.004117791895859708
ck_ddf787359d2b5deb,6.247875819100941e-06
ck_b27a9e39726b26d9,3.57550184856926e-05
ck_80c4e9274cf976b6,0.9989322098663244
ck_c6afa913168ce8fa,0.0001734868336543233
ck_52427b3f8478db19,0.0019247637230368475
ck_3b810f15ca0eaa55,0.00015381598692778303
ck_0c9e420f97baaa06,0.747370754500252
ck_f8540cf3a8b2f8c9,0.13379524258328587
ck_1402d24dd623df72,0.0006205902442481297
ck_eb4f4267e24d042c,0.0003062621266903654
ck_6f661b428d6fb8e4,0.017134171051362355
ck_519a26ecf3d29c90,3.4347615083134926e-05
ck_e886ba71d4a6fd73,0.0011115818449143407
ck_437f9ecd2016a1a8,0.00023411684942945565
ck_f01af1b0c977cc06,0.0013183221462971222
ck_614f777c2eb5d537,0.0002837232152215044
ck_b804e784cde9af8b,0.00019559084389313708
ck_c2dccbc1b24b137b,0.08944887785656835
ck_1df4a1781a0f6999,0.0008285225315886995
ck_bd2cdd53fca26171,0.0010031552318747429
ck_424c254249a109f0,0.0004935772320693365
ck_cf2ca4f286e289ba,0.0012344962520588418
ck_6c33cb15b0d8af54,0.0006043770416823563
ck_311d395fa9b8550a,0.0014371618718626426
ck_9f792e7e721ff7f1,2.6823778224119834e-05
ck_4c37586080edb7fd,5.929870229508845e-05
ck_7c4f42c5397113b0,0.0003110271024209532
ck_fc418f53ce4aa579,0.9624052103674189
ck_1ba28fb7ef726ce2,0.0012408263602413801
ck_d932f98bf6b83956,0.6769116942363601
ck_248b3659a9239240,0.00220922800082511
ck_6a92cf5f4cf5de38,0.001202873649529061
ck_65519d0fb137e0c5,0.0003002617358578679
ck_ddc3fc99eaba2064,0.005107611119067858
ck_7310cda3bc65a73f,5.0511975353398136e-05
ck_c01c85bd631d4054,0.00019647614130051895
ck_b4954d16b9749829,0.0002755927232911623
ck_f301f6758e170d66,0.0009870820759222691
ck_9bf95f8c47e7c7b4,0.0017204480065989988
ck_c91b7fccf6aeb4a5,0.013198310335832894
ck_785fa45e86bc5e95,0.0005045854634682408
ck_2a65f1cc23f1180e,0.0003048494339915374
ck_a49a2c1f881a3560,0.000809322256963749
ck_def344d68f06d749,0.0031046897196259455
ck_abbd1465fc730d78,0.0010882783758690985
ck_07a5610ed28162fb,0.00022327620605976952
ck_7ecdee2d7127be8b,0.0008393695184844079
ck_67858bc00e81490d,3.4614205273434485e-05
ck_b4ad165ace910222,0.0002230384104668226
ck_30753ffe481a1b8c,0.18206416463817468
ck_c401a26725b17177,1.692530110645371e-05
ck_819988d8a7f26415,0.00012340259752207587
ck_3364a1d9261b3638,0.0004746737267890978
ck_c484c5bda389bf20,0.00030521213504702865
ck_ae416325fef92c9d,0.9962190423584708
ck_5517b9a865960542,0.0011402563439749285
ck_a0e96fed380440b2,0.00020936955557984083
ck_e83409471d2b0b44,0.0027366278369839905
ck_127273af97d7827d,0.0006249815044412954
ck_aaa9861c91bd14dd,0.0007967065138282334
ck_a378c58294001a36,0.8025359602744951
ck_abb9d65ff1f95b64,0.007233097623252826
ck_a5ecbefa849ae569,0.000800095837924601
ck_aa9953c0ca2bed7b,4.6556183575874824e-05
ck_40bc6de252865f32,0.0003005434719437391
ck_9fb11688dcfe1513,0.0006192872063510491
ck_ba68841ca2ba073d,0.007438635813374572
ck_1d3e561a7d20be0a,0.9989585849449875
ck_99a92d710a29c1d0,0.00011864050638785106
ck_ede2e887697ffac0,4.504661384325766e-05
ck_e6de67c0d82a7b83,0.0015365318448031543
ck_6b38763bf5ddbcef,0.001878215707505741
ck_8dd44eead7d765a5,0.0004153107882298339
ck_30bf5b0056eea9e9,0.9748822373022754
ck_2981d16f8a51a8ed,0.001069254816337648
ck_fc60f42c68c7024f,0.0024608919654975168
ck_8e2b2251ee224aa4,0.0016959082299624765
ck_1906f0dfaf6e9bad,0.9710043467986172
ck_dcbe6814fc4ca0b4,0.0004037099958745628
ck_f7e958a286ae3b57,0.0005818329971972735
ck_713649668a7ca824,0.0020081781565437604
ck_6f73cdbf9305e2ea,0.0013344353363944383
ck_dd1c490050cd9051,0.005046870462746941
ck_e30db36e376606f7,0.1062446062187289
ck_740d8fe8028b5a2e,0.0002683545313453219
ck_ebbc9418cd41f692,2.4601907514590007e-05
ck_7b3cc6cc3f250f39,0.002958080881994843
ck_1d30eef7110809e5,0.10283615699615188
ck_77e0589ab339ca66,6.195461994197029e-05
ck_15ccbf8ff7d14086,0.002332742033130132
ck_246989b0c288664f,0.0007593658203887303
ck_fc2a6e27b10b10e9,4.3007165220584525e-05
ck_8afc1112c12f5402,0.0007111854538597263
ck_a76e8d83b9141364,0.004538391195542907
ck_51d3e8dd7465c015,0.00019625389847381357
ck_e7b4016909405981,3.4836102320949886e-05
ck_e7a3cfb9bf908e80,0.007929995119752791
ck_2bb49dc2388cdc1e,3.632831885017065e-05
ck_94f4266ee7871345,0.01240762467498505
ck_b2c896beec146477,0.006484404699286341
ck_fcf5d4a4748cdd53,0.0005034330187687464
ck_fd0483639811f62e,0.01633879693713725
ck_9a21d183524734aa,0.0009272722974055478
ck_1df4b46c0a4c317d,0.00034623594758793295
ck_638df9e8a22dfe0b,0.00011213126270571271
ck_65acc43a6dc3e65d,0.00036539677264026886
ck_7c67b73196e3d0d9,0.00036933363637876377
ck_b0ee3a98175b462d,3.3546591132559e-05
ck_20fad010969f1abf,0.00019943605415512723
ck_54b087bd873af8b8,0.0012450120907887966
ck_8007824431fa803b,0.00016373532888181285
ck_23aab322810b9fec,0.0011486950718411248
ck_c8001bdb9aafc8a6,0.0002373002671503655
ck_3a34c3ac83cf84b3,0.00018064497948163812
ck_60187ac2c473a662,0.9955412355471257
ck_6a0ccd7357979f0f,0.033656839883251695
ck_27f20337bef5ffe0,0.0018398686914227677
ck_f9fc468915afe49c,0.0016242498757749505
ck_1eabc15a94bd9009,0.0003764100461820567
ck_26896c494b2768ef,0.0007553584986647375
ck_348c874eaf0354f4,0.0008182098854021352
ck_be9c46acd216b45d,0.00010583305647192749
ck_a3cce46d15cc20a2,0.0017895449369697413
ck_70804f60d9704128,0.03051870251265885
ck_a019151ca8e7527a,0.0002761846273594743
ck_571133b2aa8ead51,0.004201081314031406
ck_0afa4449f20d5196,0.0008196947050582868
ck_4d503c41cf4e5034,0.00034140290843056697
ck_d6fb9cc5171e3e9b,0.8920421404719404
ck_05ed92a7c3e10e5d,0.0006367936785228094
ck_bfb067986660afe3,0.01006028927403934
ck_c1a31690c8573226,0.0004858170882009675
ck_cb88ef3dc1f42225,0.00014722668021720285
ck_21e3b3bd998745e5,0.003225813722402981
ck_cf52e46fa54e4540,0.00012075059620760556
ck_b72c7ac4208052ab,0.0001282622717556429
ck_e6465c56b337e6c2,0.009579831422347583
ck_5f87eb05d18186c0,0.0005263628149359508
ck_263f6c5ff26b5e98,4.946748401205304e-05
ck_e0b7e2c0bbe228d9,0.0008111084973196744
ck_b657ae3c146cb7bd,0.0002953908847148244
ck_abac514d8167ea58,0.0014224223749153531
ck_024dcab126876002,0.009167371678800664
ck_5d8481e2b38bd99d,0.0012075339769515659
ck_edf229c17d25dac1,0.001358022533052516
ck_6cb7c97b72d6b5d3,0.0021962852994833323
ck_c96ae2c28086a059,0.0013072510155585247
ck_2f241b97c0f8389e,0.0011496364830533182
ck_9158bdbb63ee8987,0.00023114922724834264
ck_e7b40b60786c1530,0.0005922943745502924
ck_66d38518f68e6194,1.2565626646660781e-05
ck_8c9b57ad2a991416,7.08526290751356e-05
ck_cc91bd7152d3e9ba,0.006927420358860895
ck_0d846660c7957a88,0.000581150343494925
ck_60896cdac2212bea,0.011380125096512797
ck_dc4db8b932df49de,0.0032947757826423665
ck_2dc31db181150e20,0.0009104957085435124
ck_2f138fce1171e277,0.0008146139725324646
ck_68b8b859a6ef505b,0.0026013636788908595
ck_c3fe0c6c5e1f40f6,0.0003083857929435922
ck_15886fe84866de92,0.00046952337049382145
ck_ea269b35406473e8,7.428215874658682e-05
ck_3ce7cad1f69b71d6,0.00043347550688142063
ck_054ed4288ee58d6e,0.0019241662814148616
ck_3d4913a86f207fee,0.003274067161176866
ck_23ff85f9d2355e8d,0.001986495015341988
ck_d87ab3261322216a,9.364016637974552e-05
ck_fac046ce336fe39d,0.0015216551531449705
ck_beb97e498e6cf8e8,0.004532042554866111
ck_1f517e0ebf397b51,0.0005668529646773149
ck_0af57ebaa45877a1,0.0008818034066794734
ck_f99bc1732ce5e999,0.0014875261455258202
ck_abb056a9deab275a,0.004217316300693195
ck_0bfc394c5faa65cb,0.0005601125033088993
ck_ddc865af1dd5670e,0.0002952378328889329
ck_68b5542459638b56,0.03484266629793994
ck_0b1d84252c0b46c2,7.372190732860997e-05
ck_520ec32c4f253604,0.0006402090030520822
ck_79ffcfee599d77c7,0.00030225031334050486
ck_eb224c0fd146253f,0.0025308675574235817
ck_0e477084434da450,0.004560441639715743
ck_07840bba5570785b,0.0008330114043389407
ck_6b67fe8e310ab865,0.005588886135336222
ck_e2a1068c2fa22525,0.0034530823831222
ck_b9c6b32f6bd92a3c,0.001525734871879092
ck_c1e7d1021ae58f00,0.00011101216063579282
ck_5d7801201749ffde,0.0004307238686476444
ck_c8806749e263f70b,7.231654911308285e-05
ck_c9eeab826781dc91,0.0004934836786233539
ck_309a432c160a17b3,0.000970248929468544
ck_b22e3337b8e3dbb2,0.0007631084327039152
ck_79c30169c71b8033,0.9946858203569815
ck_5a6593d954085775,0.00019042310291621643
ck_70b9b79ea1aacba8,0.0007938279472739346
ck_63743141ffa11f45,0.003101702801688083
ck_dfd3dbd0d97a642b,0.00023234193586171465
ck_635646a661f05b4a,0.0003902789220554782
ck_4b123d6931b6d0d7,0.9782607222005293
ck_f2b0e7a47f442557,0.9786591416617114
ck_1b1df006b81d38ba,0.00034596097709001814
ck_360237c1bd30f4bd,3.950946661885372e-05
ck_5e84bca0e362da20,0.0011751737742830884
ck_142dba210ed2f3b5,0.003446716532038465
ck_a3564236069e3524,0.013707108299580098
ck_cf36d8b070ded782,0.0010845449451034805
ck_ddd6625c5eddad70,6.0427739100825426e-05
ck_ad54292a0b2f44ef,0.0013584972255665981
ck_45cd5ef6b359e9b4,0.000354282855509778
ck_982c2392238b7be3,0.0383086516668313
ck_083e4ac78685c3bb,0.00011981124402984818
ck_729cc0b46cc2e546,0.15035689003406957
ck_f2b8995fe5402759,8.368450684058904e-05
ck_73e24f5a8da289b3,0.0024720972229633157
ck_bd85f30c36f5998d,0.004843027567294255
ck_ee4ff3aeadf912c1,0.000424161284477342
ck_63d2978706e193d2,0.006580131378659957
ck_6a0684436a1e66c3,0.6786869060310106
ck_182dc4a2f5a366da,1.3199108730864234e-05
ck_e6fecb82fc2a82de,0.0005151476551483544
ck_cfb06f07394dfe64,3.383488561281609e-05
ck_7bbe1dc8add17ef0,0.00031076904165111834
ck_5cacad76e02c8e3d,0.9947634989725627
ck_ca68dec0c7df5a12,0.0003526446966095892
ck_e4c0fc52c82065d3,0.00014635152007538127
ck_f9197b070416f443,0.00024897168974338915
ck_2a07c7021b71cf65,0.0006691388837651346
ck_4fa85cebf707de2c,0.0002296898024718742
ck_0063d2a9507467e5,0.00012494033033998172
ck_ec986285fff05b7d,0.00020020519807743088
ck_279d43303708109b,0.0012793578354143892
ck_a406bf11e48cf8c5,0.008650440427941077
ck_064b2aa3f0bfdb6e,0.0020508573797393564
ck_95790440bc4bd2d0,0.0011906577320603498
ck_70066eea13b4c34f,0.0005882025336494597
ck_19468fe07e26f992,0.9963505049239465
ck_86bfe328e0a533b9,0.9992069377280088
ck_ace3b96c977a7560,0.12995161567164004
ck_642344e5c652d8df,0.0034029988169696035
ck_074be35c951ae10a,0.004898267168515971
ck_f14dce41036486a3,0.9989073787024245
ck_5cf67a3a747e684d,0.002324812168681643
ck_f7285b92648c1c81,5.543117205503707e-05
ck_bef3193f124fca5c,0.019169976855815785
ck_05c4dcbb45de1f8d,4.558956757997861e-05
ck_d7c28eaa05bb7144,0.00015064380213560978
ck_320df984791a1b99,0.0003120814510308557
ck_f45bad1606fa00a7,0.0018719553880689435
ck_6f81c199e986d9fc,0.0011429742398624794
ck_d0c9633fed57c344,0.002497534071501238
ck_a3c25d6cc7478068,0.00018437371836171394
ck_4185506d12cf9fa0,0.00010464456156098188
ck_7a02ee1bfba7353b,0.00172061952655322
ck_1b52590757c0fbeb,0.0011233458630698293
ck_a0e5656e1cf9cbf5,9.739413546754478e-05
ck_ace21f6daef94f6e,0.0001465213307032765
ck_646d8d0834782d6a,0.05523666300354664
ck_1f136a4476b5e775,0.0009033859822159067
ck_325c7643cce02da3,0.0010011423329408427
ck_9b5e7fe28208f5d1,0.00028744306241642036
ck_05d81b1a150f31c5,6.260734041757035e-05
ck_0e9ec486bff403c5,0.0004773652749075026
ck_ee13c091bc379188,0.0005379791096376988
ck_f7a7f8f5903617c5,0.0006919642139974143
ck_96c3a3517153390e,0.0011846717807451935
ck_538dad7f096458ad,0.004218464419108033
ck_8758fc6622bbb7df,0.004314410221146374
ck_f7e53af3c91fec64,0.0015306056888259407
ck_80b50fad7f255e1d,7.353700624182602e-05
ck_9645e7adc08631b5,0.0008844768431619291
ck_e007aedbf37d6ec7,0.00016052734566861685
ck_2951d76c41de2569,0.0015301432307336243
ck_9439bff87e616d4a,0.0004832794762628926
ck_a73045e96af0e4fe,0.0005022428745867968
ck_7b382e533e2e925a,0.0027929062444524014
ck_730226c2d216cacc,0.0008782823989471538
ck_bdf837d761a7cec2,0.33135942445118155
ck_0b34197335ba3341,0.0033851377101762727
ck_49170c4b31a20f5c,0.0001099186834955698
ck_cd553ba6589d8bfd,0.0010798762064886539
ck_56b992c6f136fa5e,0.004228375863490711
ck_8beae3d7328fa41a,0.00039819727977038463
ck_1a065ea906ae3d6a,0.000415082076696652
ck_e9e3381d5e0e5051,2.562193103726101e-05
ck_a6d4f998dadc90c2,0.9769384207304425
ck_d36733da917115a6,0.0017541866608372452
ck_e738e920bbd74a7d,0.0007969012707634684
ck_af65eb885a51048d,0.00013639038054514811
ck_73f4eb09af29b1c0,0.0011248856014741734
ck_8fc641b1750a2542,0.39264382080305116
ck_41b954c7a948c060,0.00022044998707945686
ck_25fc3010e8a0f6d7,9.660556909317761e-05
ck_a2624e0387974e0e,0.004293129123851598
ck_5cb9d7b2329d5ab6,0.008674893800906235
ck_6c83aa1d100a7cd8,0.00428422794290895
ck_67025c64588abd1e,0.0001951031200750383
ck_f5dde68f6f0468e1,3.0042714373914314e-05
ck_46bfb2cfc29a6d2e,0.0092526199508803
ck_49dddb894d33f6db,0.0003749224037542262
ck_f738b633b8862d18,5.04095846843479e-05
ck_3d6c3c00d854f5a4,0.10012983204160582
ck_cdb8061d8d1a6c5f,0.0005022809142941294
ck_5e1b81848718bdc3,0.0002745804747229118
ck_8def763034187436,0.0004915345532059892
ck_8f8e4fb9c6190272,0.0004885095773809766
ck_368b968b5f33431e,6.091743888475317e-06
ck_ba7e347251ea399b,0.004076368635106436
ck_9075432001a64e75,0.029235152573033326
ck_73c5371635aca173,0.8499119114759645
ck_81793387b38047cc,0.0009119928272502818
ck_0cf220816e320ac5,1.335534462304147e-05
ck_820219bb9c761b52,0.2773752302915287
ck_70a932ab39d86a24,3.3147913954854404e-05
ck_2c4be237a7ed79c7,8.240465871921991e-05
ck_acc764b49ef02826,0.1211095321848151
ck_74c3c3452e4e7cce,0.0002591485310813288
ck_34dfb57e5bf31d2f,0.0027296432114621537
ck_6ec39903f765956d,0.0023921304337400037
ck_5986119e7d81e831,0.0013559146752187387
ck_2ddfc948b8eac752,0.02327301883455186
ck_921ff5ceaf40a968,0.01631023740564935
ck_fb3b68b4424b5f92,0.003700818309994599
ck_c3db1b3ad4f16679,0.000610211309364047
ck_124a197be41687f5,0.0003013734486421056
ck_c58d9151834f5bad,0.0006850465448595041
ck_389607982eb6b701,0.9846899495554006
ck_fb0c138c003e933a,0.00016768894426944287
ck_50d0bb7edd8c69c0,0.008216909942127495
ck_c6cb651149dc9a8a,3.3482892981574145e-05
ck_81e21354e477eceb,0.0032254651468232964
ck_7696e38b3e4197b0,0.007606691376904316
ck_586001d3ed9e7fbc,0.00030900566805551146
ck_bba413492dc46f2a,0.0015075746566265325
ck_95b894380ad2702a,0.03880498167109695
ck_277621473369614f,0.9993065916634845
ck_a50621b5eeca84b4,4.849910891529205e-05
ck_bfa7ba218b988cde,0.0019302999165821504
ck_5ea89567dfe78e4b,0.0010470400810773117
ck_6c679602a6476ab2,0.0006629401888439303
ck_d3885e286b3b11d2,0.0017066209184193018
ck_cdcf6671b37c9c92,0.0015746600731888296
ck_b5c93e6d34f8d366,3.83390412431987e-05
ck_c24f61925dc158d5,0.008146183142125094
ck_cd09375e6c81d2c4,0.0003693269066266098
ck_a95afc7a00303a26,0.0002860370962289362
ck_8e89ca8b39f3f8ad,0.0003230554202825754
ck_9a84b396aada3fa8,0.016923719696837144
ck_5124a2e415384945,0.0009402476823095037
ck_d66bb1f063357f99,0.00012069572894094514
ck_0fd9312411b0ac55,0.0008851265008567625
ck_ad8cbe6e27e47ede,0.00041030505521855447
ck_8398adeaf41f9cae,0.002526774712080356
ck_dcf851e7bb5855d0,9.826233963328755e-05
ck_9affb0f26776b642,0.0006796614705825619
ck_f0424b3b36bdbef0,0.005578042979700486
ck_66746d1090d6d9e9,4.2415329340250844e-05
ck_e5f8c8a5824db594,0.04503148835121237
ck_3e91dcc209431984,0.0062695448544724044
ck_126a82e8d42e5ce6,0.00019899450362118718
ck_38e4a74ab256e2eb,0.0013388575376063895
ck_1225a97fc413a419,0.01171120679383496
ck_9b5ec0f78e160e65,4.504291255045683e-05
ck_7c5529bcc079600b,0.0007908313749599284
ck_29640fc2fe81c251,0.8902846129764984
ck_160e9ba0a3f7c1fd,3.641694673980739e-05
ck_bff090cb4ab76b9f,0.00029237019363746524
ck_aa06ed358e43db69,0.01304888674856067
ck_7264486eb512d84a,0.00045227227917371256
ck_f5a32e6160b28379,0.0005419537369312453
ck_4ba8bec14c2217e1,0.001058524083326051
ck_610815786d729d2f,0.00013049267440744055
ck_e267999226b6321b,6.986176634626328e-05
ck_f3996a3c8eea1ea0,0.0013841812725348891
ck_e9b75ed7567a3f23,0.0004682047559271828
ck_d21612d48bb4f7b8,0.0024186385721365615
ck_1f871df76c6a995b,0.036176477385259906
ck_953bd5de48ccd70f,0.9177868461109043
ck_02a9104419a6dbaf,0.0014692010308502295
ck_1eeeee651e05d535,0.006107594476101787
ck_e2ab04136a442a98,0.0002798377398394744
ck_f0d806624ef3d359,0.0006993806268963735
ck_4b68b38c1b3326a3,0.0002474038312700774
ck_74e60495f8861156,0.0004888437535592605
ck_398f3f4cf05c721b,0.0003077963826174766
ck_f761b7650a0c1a85,0.0009137708592471212
ck_7dadef33f5e2d94f,0.9937104179302186
ck_6ff6883633b8c7ba,0.00011774212009191159
ck_4d2159603045109e,0.0006112898268203332
ck_a38bd07a5fac5c9a,6.007849044622321e-05
ck_f517f06551e69507,0.00023005871883465377
ck_a7ea00a1760ad561,0.9987993719948666
ck_31fc51d5a3dfe16a,9.684808831045001e-05
ck_bac5233623b25ca4,0.0014096915198418963
ck_385188ab27784fe3,0.00901038267179513
ck_9947a323bab5cacd,0.0159518457357791
ck_7973edc9f22ee7b6,0.001568090239179831
ck_f97c477986043755,0.00019948104571453496
ck_1a3fd2cc4b4de196,0.007294099451254591
ck_e18ac29ea62cb435,0.0047988868551864985
ck_9720a472a3e0140c,0.0004606472306284113
ck_668c7fc7d7e47c0e,0.011523921599658036
ck_214af0806470ef48,0.0006946716343870301
ck_a46c1773f01f0be7,0.000611009821103226
ck_f2bdcfb4203ffdee,0.00040320439509304774
ck_40e84e6ffe788a4c,0.0026128142847193264
ck_dfc6f5712d8d6678,0.0020788124285498004
ck_01ef1036b2e66a4b,7.045771536547514e-05
ck_3acfec10eec32f9c,0.0014078865618859196
ck_084a85145c15ed77,0.0002718227314677697
ck_fcdb4fe2f095fba1,0.07414161870445124
ck_023908db0a193076,0.035905672469776946
ck_fec0ff92fd622253,0.0002812058682523615
ck_c009c97d5fafbced,0.006901856130320695
ck_eb9f0c06ee017ee5,0.0006470184709394238
ck_d7792b429620fc24,0.0014282152357642426
ck_5e9e149a3b69c726,0.004199863277582536
ck_ce927322ef8f651c,0.0013974468653509154
ck_b8fd61a8e82bce32,0.9786795533477018
ck_9aafc33fba1474cb,2.0858766796264972e-05
ck_ce81ff9b8b35562f,0.00024199317291060334
ck_25bfca1d8eaa152d,0.00011735142867509762
ck_170c65860e2a7e23,0.0004088576054865489
ck_952da7ca9f33decb,0.004322055817782013
ck_1ebd574406235957,0.0028097413013911873
ck_589109a188adc2c1,5.835137384497711e-05
ck_f0cbd5383bb07778,0.015085274505943495
ck_242521e261148fba,0.00016030966781341828
ck_509cece86a558de4,0.00010223467142573795
ck_0dd7c5925d28755c,0.0012562036802438747
ck_a7e669cf1c3985aa,0.001308419459278892
ck_acb84dc2351eeb76,3.295375061743917e-05
ck_b837c7dac2a9b931,0.00022929692947505024
ck_18eb1f9181f95df4,0.0001438123489344437
ck_b0b9047dddb1ec84,0.9243588013038636
ck_43aa136bdb0a2832,0.7249963832309904
ck_3e47f8c56c811700,0.0002987315584475646
ck_77c587d24695ea15,0.0012953621435159552
ck_20578ac693ea4e93,0.004356507784464684
ck_b9f6040eebd1605f,0.002419070875415565
ck_ca9d86f65cfdf018,0.000336767370710912
ck_a4fa8833995c716a,9.087678166654703e-05
ck_f589f1e29301b5fd,0.0015768130121054896
ck_961ddb8ff55d868e,0.00022871696028619004
ck_5662492a54e6688b,0.0030634280423788014
ck_ad48826c1c26eb78,0.9875395160762581
ck_621c9ddde6bf2eca,0.0011429555408310403
ck_417a3500b2c717b3,0.006832802571861511
ck_c7e129058beb3ac1,0.0018834024669004258
ck_ec1c902b9b9b9c5f,0.006774660171719027
ck_317360ec0a67d27e,0.0064780939331455555
ck_3e3ea5d8c4a229dc,0.012406934184370352
ck_d11d27de7bf0b973,0.3538134113324165
ck_d37d56e931105db0,0.0006917146324828785
ck_4863077723cd6ce1,3.627772519387604e-05
ck_479a065d5903e9c3,0.0003460147728767985
ck_e66ae4fd586fedea,0.00021851648486344923
ck_192bbfd0d5720134,0.00010205648845096193
ck_3b436cb29af99f3d,0.0005639600487501453
ck_7c7ca54969eed187,0.018344583595273845
ck_826ee896c9f1144d,0.8437242618776664
ck_ba1f6dd43fc8a0b1,0.0017745094561880414
ck_49685deb63e4e8f8,0.0007246561149271114
ck_687ab5d5554bfa79,0.00023697040011632948
ck_41346ccd9242cc8f,0.00010235648295335654
ck_8f8e5e2b9dfec3d1,0.010424864662516261
ck_94d5ce61a0c50465,0.0003936160927784386
ck_6b954c75aad8c012,0.012360103776022705
ck_748af92828c9d288,0.00023280776361095048
ck_dddd14091ce812c2,0.0037642350822258987
ck_723323f6870fab59,0.00794116014047522
ck_dbdf8d0708cc6718,0.0003072898805000955
ck_f04938570a154de3,0.00039676107461337595
ck_58afa1550b3b5294,0.0009121710948004394
ck_3b150afde386ecff,0.00016209435902093833
ck_666b95e75d99ec4e,0.9960167646477048
ck_e00332597cf1eb24,0.001561727495898731
ck_9a9e3dac79280d7f,0.004083283681786377
ck_e8d37262e859d9a1,0.0013389398244596006
ck_895bb39d24bc1c4c,0.00012985999911645563
ck_b367449195e36499,0.0009522219713921819
ck_d23f9a50d1135ce1,0.016054101560489697
ck_670dc4910cf476c2,6.712393663178542e-05
ck_3ecd8a5ce65e21ca,0.00013430594904338095
ck_8584fea2df4c6317,0.07585046328927016
ck_0789ff4562202b20,0.024724590803276488
ck_749e0e50c3907be8,0.0005079172417764834
ck_c3ff6790cc6d7e34,0.000357467422291043
ck_75fb7e56432ee4b2,0.0007408757461398473
ck_529fc3170fd11abd,0.008018314783516643
ck_34a69b3b4a681796,0.08975651087095922
ck_255f0e5888ae9e23,0.0030469585908140862
ck_65be698386474170,0.00012722653324416397
ck_5eec9ed855c26000,0.00021177825284632456
ck_5ab39bdc9610f6f3,0.12032458247418827
ck_1b5b75762f033462,0.00019557969665198635
ck_d3e208671cf37f91,0.991733348627059
ck_5068ee554ceff971,0.006182539964466973
ck_d7d50fb57fcb2d0e,0.00011097192997103844
ck_ba6e1115fceaa067,0.0013583849234105438
ck_d07bfb16a4a7dac0,0.6778414167235174
ck_ead68310311690c8,0.9757081293515151
ck_ee53ce862bc9c111,0.005436242928439825
ck_97e56e6037024dff,0.0002477162191815537
ck_80b04344c98ec072,0.0012292651994721356
ck_5954f45a2ab45f43,0.00018256971486442627
ck_18ddf7e836256e3b,0.004073974022098317
ck_89a1a780144d808b,0.0006523489069311622
ck_a7331e8b808c39aa,0.00276768953715877
ck_a1fd0ad03ff9b776,0.005025594528901823
ck_c0cf50eef030b401,2.2562542195508494e-05
ck_074f20921189e7d6,0.0007045377289973554
ck_e2aa7be60794593d,0.004975410575512933
ck_72771757dfb7f7a8,0.0016172333512140926
ck_a9cd84a6dddfe584,0.010266058195632546
ck_142c00f9f8557504,0.002129759670859583
ck_221b5d40358230f4,0.0016535174926051227
ck_a2d7a563f520b7ea,0.0004268291636603369
ck_66cd34bc568d95e0,0.000864815292772049
ck_a17128972d3e507d,0.00040575821485659165
ck_bda299466bb2136e,0.0037281775196324105
ck_2b699066665abe8a,0.001981442902937339
ck_0ac9848bd4ba0c14,4.032308454907839e-05
ck_98d2f9a6ba3a3077,0.9530174844389562
ck_a872df31b28a5f7f,0.007916031913181833
ck_7e73e1d44ce82ed9,0.00039063978011286387
ck_1a415416f620d49d,0.00026187135370194073
ck_c95c786d2f8b8edc,0.00025558473832131885
ck_e45012f22b7f91d5,0.0006667321642630549
ck_aa0b083e2a6813eb,0.003273570327476944
ck_4666232ddbf77756,6.960467844658664e-05
ck_e08e9c8ec5f23d8b,0.0016710209632266094
ck_31d4c0518e5f52c6,0.00010312144220549755
ck_c1ab40638f04cb02,0.0003298757511748843
ck_4c1fdd1669c7cf51,1.3351322954507892e-05
ck_11662cc7940ffc82,0.0019229688872943519
ck_2e679af24adedac8,0.00011509622385167903
ck_454b9e21b7f25a4c,0.0002569554260746688
ck_355c4f29089731e8,0.9828135476471616
ck_507e40760a24d2d5,0.0013297432954968438
ck_0943e0f305078e34,0.9994519855840861
ck_abc54ed7111e9ed1,0.0010292915977580064
ck_a60fe02fc04407a9,0.005775208345294761
ck_244b897bb4d57c1f,0.00046624238060108256
ck_8c84fcde93a04334,0.7019930765464216
ck_9eea37d2de633b27,0.0005288694019495052
ck_b2cb9e6610eca967,0.0007974221505190933
ck_09aadb4c41b166f1,0.003361183248429916
ck_8d94fbb4828ef326,9.916344481114388e-05
ck_089e3a07abbe3b8f,6.573758041332196e-05
ck_dfee9de05e3971cf,0.0020395213813642356
ck_6abf8302ce052451,0.011728857824765142
ck_6ffa90143838a4a2,8.290964130141101e-05
ck_325caeab5c7a9c3a,0.001019357609051125
ck_1964ee9db929a173,0.9701259635884287
ck_942b95988a6245a6,0.07112085391989631
ck_913ecdeeb8e21a9c,0.00110509765587834
ck_ecf9794349eb4b3b,0.028476711412161716
ck_b6cb8d6ae828eed1,0.002126674541317211
ck_2f82ea66c4f53b33,0.005686129798911998
ck_6e676daa4855b58f,0.0016640633506858362
ck_2a37fef48b44e9c8,0.005484088505032701
ck_3bd12d468fdc2450,0.004661490061409667
ck_1a28b6a40a6bd3b4,0.007647816894522759
ck_61b79dec96d15713,9.60875255894213e-05
ck_31d5e3daced93d3c,0.00022783147219485386
ck_e6c8611c0cf233d7,5.242167555491409e-05
ck_f04761b4a937ac3b,0.0005329878796717289
ck_38c1c75cf055031b,0.0026802360605909566
ck_59a561f3df01441a,0.04411257228029331
ck_04e40f556a5062ef,0.0002886972548777463
ck_8409716d174635b6,0.0025447984504991944
ck_3019afee83342701,0.0008689342814603696
ck_b51a58e7f032c9a8,0.0042779945043986784
ck_5043e474f848346d,0.005532298759475057
ck_4388abce33ecd01b,0.07621896863440773
ck_c93def7392f0aff5,0.005609122626018129
ck_72e7b1acc19df820,0.0009168900013192096
ck_f253130dc3ca5b3c,0.00022950004587568934
ck_eb264d1b180d4b4c,0.0012713000492558363
ck_c2504f5a113433ee,4.909963701719867e-05
ck_c16ab1e4dafb4910,0.02676256453918362
ck_4bc42878fa180991,0.0009682604857787085
ck_1c771a7c78f6622c,0.003618305327633653
ck_d523f0e50a2747ad,0.00024321393909686824
ck_9060f4e7ab7a1b0c,0.026713159290913037
ck_6b55ec4e87a5e22c,0.9926096765692088
ck_55fc62a5f89a7251,0.0011797381980687212
ck_bd2545c62f258231,0.002106789528579866
ck_1ccdc69d0bb712b4,0.0026342773676161927
ck_710f867a3bd5898c,6.134552281656228e-05
ck_f91d48c40337d375,0.0004187348808037046
ck_f76d929541ed41dd,0.008368973213806292
ck_e26a6659c237b650,0.0010687207257182114
ck_184983177b73dea5,0.0016838735932468813
ck_6d0d081bfa8a0022,0.0014246216018054222
ck_2f6e64f638da0f97,1.924359468557494e-05
ck_15b93103ccd38609,0.00014816864983911802
ck_094d10439b7b4eac,0.00017760389640792613
ck_d2ca47180a926ba2,0.0008771147450433057
ck_a69ca7b9d70972bb,0.0016306564766556042
ck_68914e67343a7d32,0.00022948069324178557
ck_8176616132458c0f,0.00046717754461700426
ck_eee99af3598311b8,0.016906845730553288
ck_94410eedfca91304,0.025062772088879748
ck_cfb11a0a2325bff5,0.00012625638979103524
ck_75217ee144b715f8,0.005629445108862602
ck_d56fc799542299b8,0.00015129112758495726
ck_4c352dd3e7c81269,0.0018933763485484505
ck_e23e50e02cb3904d,0.005773930176396392
ck_b921af37d500e139,0.00010549359103045175
ck_82181b935360dcbc,0.9979068837665693
ck_22a7cf3b99c5e5fd,0.001579594549438605
ck_f67ee7910d532216,0.0015899733427333577
ck_5f48762a14a0326f,5.93524117081893e-05
ck_1757fcb0e6e3f88e,0.0005652998940139034
ck_2c2f080ba185016e,0.0048424396879486456
ck_4c25570eb72711b8,0.00016377559671904577
ck_a3be871ca22ac416,0.0008384132734336916
ck_ab70961e7c6695b2,0.0005637910045008804
ck_a1cdebfc42a52448,1.6960010555160726e-05
ck_f1b80b821a20186d,0.002139221871595237
ck_ae668e4564cd2aa1,0.00019546041090321258
ck_0e2bc3a5afa439d8,0.021791571742594155
ck_3dc378f37d0b74b8,0.0007682989310070107
ck_9f9555197480d1cd,6.698722340273509e-05
ck_bf4e7d48770a4a8b,0.016869628851480106
ck_614ef655f0685060,0.15048237020670502
ck_04d2ea38ee27770f,5.603494992952546e-05
ck_e03a9d8ac94161d5,0.0003236984374481309
ck_d4007b5b26d9d854,2.9885547989010454e-05
ck_2dd147ce6d61749f,0.001067011133624972
ck_ff45764ea7d6619f,0.0004385103538712184
ck_dbc487cb0a6c18da,0.9878081378423254
ck_791d5392bbd80447,0.0049059564069417845
ck_b4068439c413b150,0.0004737879673620473
ck_85df7b7de9700aba,8.967033940401413e-05
ck_001e42551cd06e40,2.3897119016925247e-05
ck_a6c02ae50932cd9d,0.0008586460465659962
ck_9fd0be2c018ff5e4,0.0002846402479144189
ck_32a495128395fde5,0.00033204069436052006
ck_b6f2a2fd232c141b,0.0010538176522401875
ck_28dde633692904b0,0.022269820649502354
ck_a1a93c5f375f6021,7.183785372584555e-05
ck_e3982142336782df,0.002573313523868217
ck_a9812ff3c111ea94,0.004761895932565947
ck_f04062216f95fa00,0.0030990903625011603
ck_7c560467daca735f,4.039733062347039e-05
ck_76ee10d6e2dba70f,0.0024938962185506565
ck_3521243bdac61178,0.0007929803468393826
ck_28588fb03b320520,0.0025391579066944003
ck_580dcec33ec232b8,0.00027559632537672304
ck_7109923fd7dab20a,0.0006445263204954386
ck_7c872c99481c1e9e,0.0001808505355279146
ck_46f4e1f5026f4d1b,7.31079136908188e-05
ck_00d1ebc31ec4653c,0.1653838245287218
ck_aac70764dde15168,0.0005355795049303405
ck_648c03f9aa4e45f1,0.0003686496930396333
ck_5478eb69ef912785,0.5984817046997928
ck_79b8523137bb2603,0.005203630952131415
ck_795c49f312640019,5.7232344977642864e-05
ck_89184bf7b7fe41cd,0.011969274702218508
ck_97d4bd922996fa10,0.0005785478169374669
ck_1cef30d08f3a598d,1.9212311511410456e-05
ck_2f9fd36a4a40a6a8,4.135584582704036e-05
ck_40780fc0f8d6f309,0.003323378821420988
ck_9083ca9fec2a7f4c,0.00012603258016107572
ck_62081bc35aa59931,0.0005454850714645725
ck_2e1b46c5fc56b863,0.013037994359018836
ck_3d139692c51b604a,0.005821816805221721
ck_b5e54e22e3d6960a,7.040822319688878e-05
ck_c0c4be3f44311b04,9.621473033750914e-05
ck_82a8bdd2692c2a5e,0.00027297219674309975
ck_bdd2da300b530c5a,0.0010357307547234464
ck_ee40498cd97183d3,0.0008242967218131966
ck_70b9274473bd6dfe,8.646614190838823e-05
ck_473d6314ea614b29,0.00045686371377232494
ck_7443d6dca8cd1352,0.0005371928905617733
ck_3b49768b448b071e,0.00045333198498823503
ck_b43f04431c267dea,0.0004786608826370865
ck_4424a5223ba2fe00,0.0005133425301924978
ck_819bf3e8231f4081,0.001561098556167707
ck_91d417507a8c58cb,0.0758362431180901
ck_e88e86b19cada4aa,0.0005103236535133362
ck_59684167f9c6bf4c,0.0009486684803308918
ck_d5f5b0dc97b9dc27,0.0010270664123568037
ck_13d1b192bbff8f32,0.0011559994571743169
ck_b21d8630387cabce,5.885188428112948e-05
ck_e4ac22046699b99f,0.0006144461432362434
ck_74b848064f2ff45d,0.0017349329489475846
ck_166aa980cc87fa77,0.01342064526280585
ck_98e337806104dd88,0.0006614379056822628
ck_66eb09be007f0755,6.47493468017207e-05
ck_3ec9b9d8dd7be11c,0.013488782857468202
ck_8b8b9de339d75d0b,0.0010029646574624147
ck_6715139e240007d9,0.0006597864864366337
ck_a0255ab46e122d2f,0.00022897794898659417
ck_66e81a4190c33510,0.0005775954961033842
ck_5d75ea4f5c9080bc,0.39415514231558096
ck_df69858b8a8b3165,0.00019844064806992412
ck_e15252ebd7553422,6.58299800408312e-05
ck_34d6d74bb3ed11e5,0.0006875957287449965
ck_c2608f78f6851d10,0.6502662997563986
ck_bb99071e8f58c8a4,0.45801669388406857
ck_06010f0df5b7cef8,0.00125453552615138
ck_8c582eb0f6c0148c,0.0004090999897455455
ck_0034d010d28aea78,0.0018500699188620337
ck_01c1f06692566ca1,0.00020993527013479747
ck_4807726e797fb893,8.259161307680598e-05
ck_edc9668282e3c8cb,0.0007529874567379727
ck_5486768475af7bb5,0.9843422425980881
ck_3fb9813849e51837,0.0045890875667014535
ck_861af5a9a9a6d619,0.00021711811161446228
ck_da39653add0f1109,0.00017600159968518114
ck_74a4244eb1f162e4,4.835992256984781e-05
ck_9a930faade55b8ea,0.00032726631212187315
ck_fb6e06ca88519dcd,0.0007579994018527754
ck_9776cd8263a9f415,8.313008065238311e-05
ck_b3dd1198ac5aea73,0.0008058509306193436
ck_b6675a04df1a4276,0.00024878109829761734
ck_5c7ad6e731b69333,0.31544036345411414
ck_28dc0fdbaec00580,0.007707354470663151
ck_8e7a32f7e3905f4e,0.005452268977437781
ck_8563fed6674afc77,0.0008578264685079053
ck_9a2fcccb82da663e,0.0005035909271551982
ck_6a519bdac0d94527,0.0001776451961183608
ck_a0dab7aa9c4a39a9,0.00036520629896814644
ck_a3ce05e9e5e32142,0.00032226358880151816
ck_7a7e40ee3f97c035,0.19792768636900462
ck_9e9a830785112a73,0.0009608078358242379
ck_ab1bb02f6b189304,0.88764019578236
ck_7b8cb0f90fbdc8c6,0.0002559646232321762
ck_b138fc249e659e60,0.0003083568733714401
ck_e73caa3771ec5e0f,0.00012062422613919209
ck_18a55b06ccccd88b,0.002359519743562796
ck_fdcb1d9265d8fec1,0.010221047318244076
ck_e21a900556b382ad,0.003154486269619892
ck_c6bf67470f526771,6.577783084075316e-05
ck_b568ba3837afb39a,3.703446838340345e-05
ck_a2858979dd5645ef,1.6231585604500246e-05
ck_1da9d40837ebaa57,0.0002198884725560457
ck_9341c7959543c542,6.519320606484911e-05
ck_c8ad86806b9a2369,0.002176666828783336
ck_5c85d93ecfed4b0e,5.5215438596405436e-05
ck_f07b09879d697b82,0.0004219965035263726
ck_fe43da07608b1749,0.00012073407937217193
ck_4bca22b5926b9c28,0.0001969028306914251
ck_aba573aa942b1d41,0.00010532580821747336
ck_57c14e32fa4683bf,0.00010881974340218979
ck_891530b489ce402b,0.004087079277073491
ck_5e74fdadb93ff293,0.002673174022611798
ck_14436a409ebcc90f,0.0001618359064439426
ck_00013fdfa0bd37dd,0.0009102884876459449
ck_7dbe24ba01316775,0.009237081189763394
ck_0e3f80c1553c591b,0.00020148792416087373
ck_3edc45db58760d76,0.0011819513033285477
ck_29076a13f539187a,0.26093754071227016
ck_b1e81b58b9a545ce,0.008327732902063293
ck_3f8571d4f7420b2a,0.006114886464836613
ck_7dff6abe4bd644dd,0.18021439806901174
ck_2884bab237af16b7,0.001454269620581259
ck_231e6dd1fe708000,0.000729916730283088
ck_33ecaa7b892e73df,0.00011629117884563249
ck_b109ec4c63503030,0.0006637139822175327
ck_a7f522382509cef1,9.215849847538465e-05
ck_748b3ea941d8b3b9,0.0003224630008671825
ck_29f3a1737a2d9634,4.595731461418119e-05
ck_cee8d42475a0f020,0.4399075845140223
ck_c6b6ebe145a8ffab,0.0011527262260312863
ck_21c99e1d6b881894,5.5749585930350325e-05
ck_5ad798286384484e,0.0001814852728066983
ck_b621b6ffcc7f4848,3.118990138757183e-05
ck_ea819e337233475c,0.05517934583266611
ck_9e3896c2668ce06b,0.003328025133919185
ck_501dcf1ead036d2b,0.002457390708531483
ck_8d5eda29a2cffa3c,0.0004051868040995676
ck_4d3aa36ff83f1132,0.006924638041562203
ck_8e9faf94e3e6c757,0.00018073987861767503
ck_ce0ec41f96951048,0.0012664074134938698
ck_f09165d73ee903b1,0.0011077798034481187
ck_a432b1bf1d3b3d5e,0.0866064442261924
ck_ea618f720ff0b4b0,0.0009901043525357529
ck_7584e7bd755cb28a,0.00027403311849856764
ck_e14681aad43e1a72,0.005925659963768585
ck_5e18870d8e30e379,0.005360190435271612
ck_ff7c26a62bda8089,0.00010116002847605238
ck_cc5a35175d381d5a,0.00022275716691174327
ck_3c25029e40aa8a84,0.00019473628549524367
ck_771247b5bc16c12a,0.0003746371213098624
ck_664b5e02759f985a,0.0013529296532680951
ck_692a9e8f504b9762,2.3455776537502437e-05
ck_df8ad2deb0a4ffed,0.0006698921404513692
ck_eb48c0bcd12ea654,0.0006218140394340829
ck_7c77e597c951cdad,0.0006485087078179817
ck_4f75144c6f3b13ad,0.0013556299241302126
ck_1bcff399166d7c43,0.001005167506405144
ck_975c2aa3d4a8c51a,0.00023185392872439312
ck_bc6f07b06aaa4ce3,0.9785264798789024
ck_80b072b7f3c7e8e5,0.0006500034099886558
ck_471e4018a23b4e56,0.0002497769861115664
ck_53cddfba570b4a3b,0.00022301552121504385
ck_630530e50764f229,0.016436335499750106
ck_dcef7887a4f1e435,0.003658574959322342
ck_2795921a055643f6,0.00102380749641082
ck_7456df89f3792235,0.0002074122528373726
ck_5014a3b07e1f049f,0.9935894460254485
ck_d4ec44760cbe03f4,0.0004071491547963531
ck_96810ad39d4cb7b0,0.003120567751548604
ck_3222ea25aa29bfa6,0.00011696432959749475
ck_f6c42001b84a10cb,0.01846243754079627
ck_5ac86682385c86b8,0.002521076397378501
ck_4280c33af57eb4f4,2.1777571603825238e-05
ck_05f79ddd8eefaa56,0.0012451464738557222
ck_3a57a13ce032a6fe,0.0002627821736478012
ck_a721f0d635fad68a,0.00027637567443159855
ck_a3f821bdf408c326,0.0005911282645988977
ck_0ada63008be5685a,0.0002851444771796732
ck_8c949bdc6e8720fa,0.005372900550371341
ck_c0d2c56f9c722e99,0.9985824798861003
ck_5d2b9e6e087b8dfc,0.9990409833612258
ck_5217b55593a332ca,0.013841340333213136
ck_7a7bb9be5a7e48ad,0.0032161525327729186
ck_24cd0d779e866287,0.0011306323574873881
ck_7367917891a63771,0.0009779583379802628
ck_4b31a8862a857e6e,0.9477965483956942
ck_81429c4910ca46cd,0.00016304682849337652
ck_b35d803568f82d9a,0.0005519735480371358
ck_4b00e75c2d2d0522,5.10513342388818e-05
ck_77fced07f6dff42b,0.0015798737069865373
ck_3c9a06eb07c300e4,0.00016573355228958572
ck_b3867f7f494db64c,4.127894904997657e-05
ck_0c45e54897ab34e2,0.006798550163949124
ck_507a6a580ab55c76,0.0008561055368766776
ck_291bffc7809f896a,9.749179218679743e-05
ck_3753cc5b9d02e2fd,0.00022688500869838288
ck_4f63d5245b3ac1dd,0.001539698110979028
ck_9dfb2ae78659240a,0.010248192035716999
ck_90f6f5ced708aa75,2.5512471619442463e-05
ck_8b5b5a6b5539e39b,0.9957080635372642
ck_4719112b55d20161,0.001093139980911491
ck_fec888a7108ca52d,0.9947580406692206
ck_4f5d022c99f118b7,0.0031651048353859225
ck_e967ff05514b697b,0.003719117600660878
ck_839ce35819bfa4fc,3.9039332070387853e-05
ck_bdee1221b9addff8,0.0002157971981972049
ck_9cde4036d0914427,0.0012394146920297216
ck_5ac959cbcc5e98f3,0.00024687210326245385
ck_619842688294dabc,0.0005669583783066634
ck_7373d7b04c7799bd,0.0005088564469651691
ck_c1dd3feb9a0b6471,0.0006432533709886095
ck_0324a4812ec319c6,0.0001347536848675592
ck_7f3685aa2933b251,0.11795838001178076
ck_06aee5a62a67a84c,0.004503361170874473
ck_3428910b44b9d08f,0.020012340535760124
ck_c3ba7534cefc1de8,0.00015880406519384532
ck_1f1273a67cbad5e5,0.1295777197587151
ck_124565a11b2f8bb8,0.0003375245853076283
ck_38e46bc861e0165b,0.00010015950332482969
ck_c8ad3f01319c065e,0.025264067898737218
ck_3f94a34f5038f7c1,0.8770818729989615
ck_cee56be5a502fbd1,0.025011881616349547
ck_2b90b76cf4d162f9,0.00086143950401293
ck_884b2e463ff1d54f,0.00023032606047617817
ck_fab4f2f8531b4827,0.0006443418484874544
ck_4fc6256e0e60a926,0.002449793319320776
ck_0a2f8b2f8a5b6f02,0.00028827246199234543
ck_9c0deab8a8367c5e,3.777452440478042e-05
ck_d3a2a4c011fa2554,0.0011881286781518048
ck_4108b4038f762817,0.7351102719125179
ck_4df036e2aa7e1056,0.0007377109299335794
ck_ec094eb1cbb3efc5,4.2369571325766604e-05
ck_09f8f51bfd2492c6,0.00107706995237814
ck_b60fb9a10d6f4489,0.0011653476685781592
ck_3638bc3388dbc1bc,0.06978277952159617
ck_7a58e0cc9943c39a,0.0001442169619906804
ck_37dab6a0a536ed49,0.0003388339198588096
ck_adc576690df5b33b,0.003072685479443765
ck_1383b2b1875000f2,0.001290760234697229
ck_43c1248db37a2eb0,0.00014611994398861284
ck_29c11bd68858e923,7.334168785188648e-05
ck_9401f9e11f65337d,0.0009828775083754733
ck_ce5ed372b1a2ed6b,0.028854300827525787
ck_08b4619490e751a8,0.9902746829118978
ck_44b9125526acb05d,0.015912555849589703
ck_ef1a1de20d2124cb,0.002831198465710613
ck_e5e2624b7fc89774,0.004752403642832085
ck_f5100511609b92c0,1.56675484017748e-05
ck_64f3bb17101b7c42,0.00021361833987151057
ck_ea1e5b5128ecba2c,2.866424983301091e-05
ck_516163fcf04d5e77,0.0009567389397375279
ck_7f9a748110d70005,0.003530418692884158
ck_d263b55f0a681cce,0.0009505620471177411
ck_0e962eacf98a813e,9.4883865009646e-05
ck_0406931800e0e2e6,0.002780471521546116
ck_0e9b982afc88a3a9,0.9977779853965394
ck_8bbb625384edebd7,7.163860747993061e-05
ck_5eaeb87bf6207406,0.996011475553539
ck_cc3318839c4b0745,0.0007411431406613057
ck_08a0355d1f1890ef,0.0021045868140232606
ck_af7ffd1a822460d3,0.007105293880053567
ck_2a09c7aa870edb6b,3.501314810364292e-05
ck_bc04f51c23290bcc,0.0035085765698712693
ck_d3a8333cb389f4c6,0.00034723664504331537
ck_88e3dd3039508332,0.007859005972206663
ck_b8c7771de9b57705,0.0006831895590740458
ck_585ababa02383b50,0.0004559179080257793
ck_e988c108754cee9c,0.001786596326497483
ck_4a691892d9d6cf89,0.00395664933450021
ck_7cdce37d895eefb8,0.001480878797054281
ck_483fb981a1fb4317,0.0005408272958093678
ck_c1e5182bd99e0e35,0.726387593637307
ck_9a1e3ec9a1839939,0.0004097207603882802
ck_5c3f13de0dbd5086,0.00045532939581324294
ck_f4f6f0caaab70040,5.602699775325429e-05
ck_791be3378dd7d64c,0.0004643739393322936
ck_956dd784525f5886,0.0009965168764394033
ck_098167eaf124c279,0.002792673981730365
ck_33ecff7914349ebc,0.0003484967644374553
ck_e05d44e46c7174e6,0.005340112697767755
ck_1b2ce474fa6582b4,0.0039968255887390105
ck_ab581082e8f72e3d,0.00024329531974262876
ck_e63256667aa19070,0.004298659842529246
ck_f568772b6cb3febe,0.015763909905975676
ck_dd89a282375bbab6,0.0010023626402968818
ck_a39d0bca345b492d,0.0015622550569454714
ck_d12d2924d0f7a64a,0.0005434007668239392
ck_6a548da1728b5823,0.999023727887947
ck_6d64193681d2a94f,0.007126792516793596
ck_ced6b6dcdc7c201a,0.0006510741022826082
ck_d1b0699d26282871,0.004940123572115693
ck_58f757e40a9b8877,0.00017843037176059156
ck_3272c2c4a37d5220,0.9939176996585317
ck_d94dfde9e03c9d1a,0.0007352329162217065
ck_08a6d4903a7fbaca,0.008469149085447361
ck_6c72a36b05fa0f4c,0.001445685087872871
ck_dbb4bd4eda97255d,0.0003118222864720538
ck_94b59bbc824b307a,6.567175577420738e-05
ck_0229a07185f15469,0.0022111504895742326
ck_11bf1039f8b3025b,0.0007377411510339165
ck_36789ca11459131e,0.0007462897739538003
ck_8572c5f5c1447c62,0.0005327006045489361
ck_9e75c6641939f4fc,0.0026793681767508805
ck_b45e47c39d4dc7bf,0.0049767296972804695
ck_02903c48b6cfd65d,0.0011285830377991562
ck_b153386f1729de81,0.0004101261097226688
ck_36979996f33498f7,0.9302892563696574
ck_3c02d4dbbf6716b6,0.00045167678731968707
ck_66c9a19963957531,0.0029835958719293854
ck_bae8dae7cfd8baba,0.0001808656870506926
ck_bba0ccc6cd968680,0.007262273595034638
ck_3267fe3aac05c71e,0.0003607443289707785
ck_40052cac10562cde,0.00264401864213872
ck_d973444855403e2a,0.00031991523906925516
ck_012519bb095ad36b,0.9989514892177159
ck_ad7c256ea10c4a00,0.0019493291935648185
ck_70a60e095e9b706f,5.4527655922222876e-05
ck_f2734417c0db4ee3,0.0003489057634559947
ck_9cb89cc3178e0172,0.004730605886791699
ck_779cc0f2de4d5488,0.018870172817574585
ck_35f8656bf93e3b3d,0.0003050568664600572
ck_bdd8eba728800e29,0.002274157783208359
ck_002cf760d173f0f8,0.004359376051862926
ck_b046067c6ca3831e,5.101089561042336e-05
ck_a4a42d4bff8af645,0.000901810476928146
ck_bce253d2396681a1,0.0006631344622668848
ck_00dafc060c8de32a,0.0008641488288041862
ck_968a99e097ee78c9,0.024951302253237072
ck_66949171b387bb93,0.005101471310625436
ck_ad305286702b1958,0.00015598857678405265
ck_4732da7e0d2dfc7c,0.0002464296348166828
ck_17a95bba77217d85,0.0297004415110109
ck_3e2516a3e35067e0,0.0015054122023852882
ck_0b615ed566da1f58,0.002421965637689544
ck_d2b3ce1ebabe9f93,0.0031144208010529723
ck_a892252e4e0c2828,0.0004653563238441039
ck_cf606fd6ebfdf9bc,0.0016621763103327014
ck_718865237134ebe8,0.00010717723532419407
ck_878522cb775b904c,0.0037717786276993555
ck_9ed53de6ef779ae0,5.835011954980523e-05
ck_3f16e2cd7e6874cc,0.0005248018671071233
ck_3c59df37895ead2d,0.0011134093818479928
ck_6821459b626d492c,0.0002398030829671923
ck_11c7667920541587,0.003729477611223263
ck_23a016cf6b98d89c,0.016138069253839905
ck_7137eeb394d200f1,0.03069008144939895
ck_9c4886c5c90ddbdc,7.032317036842496e-05
ck_1422a7bf7756294d,0.9902091997751131
ck_7ebc5fa7f0d3b8f2,0.00024252943053090908
ck_fcc2059a8d5c41fa,0.009636185972351705
ck_00ff7389d6a83e29,0.0002450992577274414
ck_03129b41457795d2,0.004224454710151908
ck_38ba64efa7c38250,0.0008777259299035614
ck_57a6b56b09bff24e,0.0007326741472176634
ck_e3b3c5a80a567418,5.92447730218687e-05
ck_fc40a16adfced018,0.0005210680823249127
ck_9d4b5e6b43bad4d8,0.0022031932763034055
ck_61129937ee466b49,0.0009071596513221141
ck_74112e47b8629c2a,0.06683530055462374
ck_b4703ee97f94d7fb,7.883532442221853e-05
ck_e560f720a988d8a2,0.7556030938073631
ck_708fea345f68037e,3.912684011222091e-05
ck_25394c1b83e0b803,0.00045689283215478744
ck_17ab24fe914ae44b,0.00017596524922352296
ck_16c501470d9bb006,0.00038280456327859845
ck_628f449e248c19b7,0.009720272789494302
ck_6d64190623dea714,0.0004036267293663155
ck_504a45ee08db72b6,0.00016232019358332686
ck_6cbb011e0c70bc7c,4.026800545905605e-05
ck_b3225a98acd04f83,0.00027362789552332653
ck_aa37993f1c17cd1e,0.00038351295181225057
ck_558cfe5f77a55a9d,0.00014622335787276786
ck_0d0a1a021efea5b6,0.0013854395981050627
ck_daf7aea023b7a8f6,0.018457816851979197
ck_d75f25184ece2b51,0.00020324245548857683
ck_466d4b5366c50b98,7.224976648788277e-05
ck_88f27ab479063852,0.0009085120872586249
ck_66779098e78c1760,0.00010886382971264564
ck_b150fe4efb449b05,0.0001272090055104881
ck_9c3aa9f23d01fa1c,0.00014777109861440488
ck_6a01c375fc26705a,6.445095427099571e-05
ck_002eb6552b504ea1,0.0030452938151010276
ck_affa5aa0bff9bb0c,0.017405241529035657
ck_027614eeba8b1a4b,0.002066946729796741
ck_67e075c982add719,0.0006672628578202616
ck_399b0d510be98bd2,0.0005956460672783417
ck_e9b0bca7368555ef,0.00023324320666092804
ck_59c29d9c57b4f994,0.0011535178258751655
ck_37176850ed68831e,0.00024822771314449366
ck_a0db4ccca08030c3,0.7258317951782556
ck_aa188e5c25f7f42a,0.0033191583740154944
ck_7de6997178207800,0.005642270195486609
ck_c729d19053387be9,0.0026221105709202624
ck_f2d3e3d90608596d,0.09695231770986566
ck_2db3fb565e0211ee,0.000264538434878862
ck_bed8a480e27e911e,0.0009181393567337102
ck_d7ad9921a4d25926,0.0005143200205852208
ck_2a59f23fc5194699,0.0027073991204257983
ck_63601a58a6120d8a,0.0023848982923069927
ck_efd7b9e22c6317d6,0.005960510552153501
ck_9ab42875a0f95b43,0.0006353257453636435
ck_85cb5033fca7c846,0.019624566114251226
ck_5249b223000915ec,0.0016259616945488065
ck_3efb0e9bf25612c7,3.956724012286251e-05
ck_678e74532ac19700,0.001499527714782871
ck_a980b296c95153f9,0.0019661530381608334
ck_01ac687ce0d696a7,0.01652387948495175
ck_52e1418cf1aa9871,0.0003826909811125634
ck_7d28da4f1dab09ee,0.8620674253071728
ck_010d0c2e6c1657fd,0.03091258148625475
ck_b524f7a2e752b9d0,0.0006694575479143174
ck_cc447fcc24a0772b,0.9824572609399582
ck_2cb3c99845e572da,0.00034457710855818934
ck_604c710141327a81,0.0004247499393906149
ck_8d5fa65717d2e0c6,0.0008898406126477552
ck_31199510b40602a1,0.01809332348941385
ck_49e253ea12f4e922,0.004287057961625692
ck_780738e0d71e7e43,5.343802606220148e-05
ck_2cd21137a07fdd7d,7.901697530572467e-05
ck_5e021f2a3b66e256,0.001676777926589504
ck_efbc79246e32c66a,0.002343232737515745
ck_9951bd806c13c7fd,0.009650057271939913
ck_7a52674e2806d8f5,0.005152305706169549
ck_1a319e509f1efa1a,1.1343311918979728e-05
ck_c920901b9a4ba993,0.9886367982178839
ck_b71279e807d0b3a7,0.00040501644007547206
ck_47e1032f490bb018,0.00017343748553697393
ck_192579ecdca7ff83,0.0015330208115406532
ck_b1496c474c4a3239,2.5507742847993938e-05
ck_5e68ea2c5e893cf0,0.0007506949252724013
ck_f2ecab85d4693b4e,0.001105446785168545
ck_89d7bfc81c3df597,0.001125954130145051
ck_7929284327667791,0.007631669900977476
ck_494ec63c5ce8e150,0.0031010221499985897
ck_319b059bb2145586,0.0029889822991796228
ck_ccb3767c239018c1,2.9035513081764957e-05
ck_a1c7adfe26e09a8c,0.0005960834013295906
ck_0e13c4f73818149b,0.0005059728107899155
ck_c285a51ed6214f52,0.0021792009253443095
ck_916784595f028226,0.011603933379983543
ck_6cd8e0196365c474,0.00833316654378193
ck_57b657aba4daffde,0.015038866349172656
ck_562c76a3753fc7da,0.45657744750129037
ck_66cfc1ebc9a513c8,0.00021206251155249153
ck_0f38d4aed68d7d24,0.19739961392769304
ck_d8ddf5e99f7859e4,0.0009075320210940404
ck_41bc3efa0fca700e,0.03003663462979242
ck_40799e129fcf42c5,0.0049566477390258325
ck_786f079389126e44,0.0032039675603342736
ck_bb4c6b713eb0b978,0.0023028144833773475
ck_4f01f7eac0efaba5,0.0010896065632575887
ck_47d29c01b20cf69f,0.0005940232601346016
ck_bf15a1f8d67a30d3,0.001349518795208361
ck_bfecad7586f65e4d,0.0007803254793192143
ck_fc9f16df35190eb4,0.03777099655701881
ck_c09c914e416edd08,0.00044675949673148355
ck_c54c5d8e4433b0f2,0.00011396102455030889
ck_1694c28f44480e98,0.0003241194292640278
ck_1dcaa3078dbb7571,5.468346977276787e-05
ck_af559f990c640e41,0.00039477617194568464
ck_9b436162039a77d0,0.0018409320296276027
ck_79d62ef181bd0cd8,0.014021821123953202
ck_23caafc2cd34242c,0.0005801140598091291
ck_ffe2aa26f597e552,0.0005381417008305658
ck_e6ffd0754ac08661,3.1536954020688286e-05
ck_beaacb4a783db21f,0.00010318803252652359
ck_9863bff41d24ce9b,0.0001986395463096587
ck_323b9cc5c49f8ea0,0.9126791738615775
ck_ab3de3d3e41c2082,3.185961852154395e-05
ck_35c93b2924900376,0.00015100231056583172
ck_5a9d5f9901e37e31,0.0030717854002470994
ck_782b0be796164335,0.0006312985579346991
ck_11960b5f1c7a5e2c,0.00011253994022170396
ck_9a66cb13a9884cc2,0.000815923830477509
ck_ba666a425930615a,0.0001477934416183728
ck_40140bef4db73741,0.0007387106869807215
ck_e05e91cc180063d4,0.012121229337746947
ck_c7f6f45710bc050f,0.0014754246195289235
ck_055fb9f2e1c8c934,0.006254415488965483
ck_58bb02d98e2b9cd5,0.0020295480264119516
ck_d9f8efa6a7800f76,0.0004777052353115127
ck_69691226c68fd50b,0.08724212685622418
ck_6f2f0396e5b1c538,0.9975485504671482
ck_78bc3f1d0f35ea6c,0.0007651549810016965
ck_2d5a6b6636a2596b,0.00015453978436643593
ck_7878545739af0a73,3.7707164601293455e-05
ck_03c4fa4f3ed3512e,5.553970920867637e-05
ck_1a9e51d092d62c84,0.9692178140544941
ck_9f3861940d8d873c,0.0016125560459547118
ck_4684fdd61c6a0fac,0.0016935031790237798
ck_715966f86d5c913d,0.0001745532202546938
ck_77f293d44b4a3d2e,0.0011865539329476628
ck_24dae044dc05f849,0.0022367111522406933
ck_00b9818e2064405e,0.0007376185186337502
ck_c1c2cb49c3c1b0f5,0.05460045332572794
ck_bed50fc64fbbf8ec,0.00031119015321215545
ck_4f6ed5ea5ab7c429,0.0009461973645137841
ck_458531c22ec2f9b3,0.0003631559134651581
ck_51c50c4c443df31a,0.8180490487843889
ck_732d45bd578dc39d,0.001627605705762152
ck_783fe5bc20cd02db,0.004930989007567948
ck_7f188aaa63d1d442,9.013089702746538e-05
ck_ef307a6aee38d1fe,0.8847338428092041
ck_e37196b20968b73c,0.0010038786162254148
ck_4ef9de711c3d93b1,0.0006524132514395762
ck_17946516d5df71d7,0.00020098816859048484
ck_3534be0f4efd313c,0.002091512481539853
ck_29fbabf855cabdff,0.00018112098485969147
ck_191673540d8486af,0.0015176100156446492
ck_5f52728d777ff2c5,0.0011025606739155345
ck_a045a19369016818,0.9995261415759042
ck_4eadbe7298b15e96,0.0027331266461433565
ck_a3a0bd59729fe619,0.0008496885089620354
ck_a1e77090b1c6ccf4,0.00011528734073746855
ck_69ab9d4784eb77bd,0.00022190124681716763
ck_baa47383ffd50f04,0.0005187632457585246
ck_e35b2ed08b9e55a7,0.00327037641457102
ck_b6e3af0a5119d9a0,0.0026203879715185137
ck_a7c1dabf3869772f,0.03564239620913526
ck_80b8fca67a14e0be,0.44113982183793066
ck_dd9c5f0c42878e67,0.003934635645532665
ck_41ef7967faf5ce82,3.8545728280203834e-05
ck_a93560aa348d6225,0.002103847217193521
ck_ffe91d6f0bd93fc6,0.003063633495223134
ck_fbf630c960194033,0.00018555070632389373
ck_497ed60723283c0b,0.00036402840511137415
ck_2a46b7ca55239413,0.0005124942814976414
ck_1a4e5ace078dd782,0.00030676208969377235
ck_616cc31910f5de50,0.0006602025363076285
ck_0d65bc749eb42710,0.005378711899372309
ck_2408db62e4395ccd,0.00024217170908401276
ck_5d7721930106dce8,0.0011028184306338536
ck_e8a6acea22b20312,0.06570165726241843
ck_e2f792fae128b18e,0.008523660192231153
ck_e6d3ce445b86003f,4.0064975203139224e-05
ck_263334d722ecbc97,0.9760764289016718
ck_8c5b29f6666d4874,0.016485977398680796
ck_7ea0bf310fc20c7b,0.9594124673902779
ck_54d463f7fd89ec3d,0.000409341628843439
ck_79e45040dbdd6447,0.013026836064750741
ck_60b4d59953505682,0.9535835152660471
ck_fb00dd5021642507,0.0016318428315631344
ck_f409ff994a210601,0.001474191082716357
ck_2ca0020038bfec58,0.9050234569331371
ck_adf84b9df54c3d80,0.0019259954875838546
ck_942dbf632591b65d,0.001331635860712481
ck_454a7e4d859a3409,0.000689373550337253
ck_2139062d4569aa07,0.00021632228177404672
ck_e949a0f4df0b3902,0.957767563560195
ck_bb113e3e6716ed65,0.001175170245779896
ck_6a28ea6ce69cb869,0.1719746945637854
ck_7df9910af2bba21b,0.0003759174915232656
ck_78aa4b731cbfe251,0.0013314702476291554
ck_5839f5cbd8165b1e,0.0006522833866645912
ck_7158ad9e58769ffa,0.010058896297872393
ck_acee218cbe61df69,0.002720717403389692
ck_f8dc8473c2772729,0.0039857310420354855
ck_f34c93a8173555b1,0.0010840613529700506
ck_7cf301d075e4e709,0.001096606517941468
ck_b87e88ee5512ea17,0.00019610444308734153
ck_bed0c020b10afa3b,0.0006408988601707936
ck_ca10102961f99eb4,0.0003296467464204654
ck_393287947b5c8d79,0.00030713837947333577
ck_2fe6cac002142f67,0.005116854894901022
ck_79c7f0d29b1db1cd,0.08719252922509464
ck_c735b643d3cbf67b,0.0003681095147076937
ck_ea4332c8fe48e2a3,0.00015785495042645254
ck_d39864119cdd460f,0.00010411987396621485
ck_3b963d6be2773861,0.0010876100618677801
ck_df39e3b8a9fd0bfd,0.9475204057775445
ck_6236a461dc0d11a3,0.00025169461922982915
ck_475ebccca25e30d1,0.0006943623733239611
ck_c10c8bcf5bcd516e,0.930343905937805
ck_49ccc3716a564256,0.0007274959686544337
ck_4e4f99102f6938cf,0.00018180497851386446
ck_a97b481ade6f7972,0.0005749333875910914
ck_3fa559c679751b3a,0.0004513008051103242
ck_3eba1fd2c7acc4c0,0.5713042004064904
ck_18c179b4afc4fccc,0.0025619825130599075
ck_cc1c0b93d05b7d20,0.007508602696502281
ck_742f7c28ddd019e8,0.007897745646251545
ck_04470bc93b8a0d71,0.00014072579261281275
ck_6e8f8ef7a03cc6bf,0.0015917673640062856
ck_eb1ddfc353b4da83,2.5653814815071402e-05
ck_98831b57c7ca2e4f,4.0081331072753195e-05
ck_a6c7b8d6e8596d4f,0.0002712906200750982
ck_cd7d24e3b095e96e,0.004482522808330289
ck_3f5ae4673a9f858e,0.0003341458999987564
ck_05f375fc8ae0afb0,0.001489267735122619
ck_1fc98436281ee39e,0.00016574033616766586
ck_6c48c58678f64bae,4.19669791419717e-05
ck_8c95aeec6a4c75b0,1.1313431014309645e-05
ck_364cde38958b7af3,0.02652559761440598
ck_85bf21aa1a00452f,0.0001140900546299408
ck_796d3eaabc667c23,0.999114216442835
ck_ac449ee0c315edde,6.397534789297445e-05
ck_6f9fd15ac6b163de,0.00010380796278886798
ck_4087065be2a45ad7,0.0014408401013358985
ck_ecf006bbc78ee3eb,0.8917068359693019
ck_8ca808cc5a49cb5c,0.000863557655099677
ck_94b90ab8b2dfb50f,0.00047185614199252645
ck_59fd11b3232de9dc,0.9501818745105781
ck_67f3794d93e2dd67,0.42127168943495413
ck_b7f5acf5df1bb13e,0.00013805275237151245
ck_fb04ecbaebb774bd,0.00023481301166825114
ck_68ef3e7301c621b7,0.00020781917029793497
ck_41406cfa209b6bda,0.00046712477099833936
ck_b0f8f5408662337b,8.806249525126475e-05
ck_0d2901bfe585c391,0.05702388860734816
ck_3398551e81dbf3db,0.0012496335279849678
ck_61c3e3e277629646,0.0011289796419602087
ck_2825e34dd3e7ea2a,0.0007828924072712113
ck_20d7571ba830009d,0.0006349767623435645
ck_c98b16f9a72a6568,7.545659143180921e-05
ck_e7c8a9e4641eb9ed,5.040152440339753e-05
ck_254a7c97c36dab8d,0.0011172146267222401
ck_e98429675b46272b,0.00023848095392159442
ck_c2fc0ac460786d02,0.001967161243120403
ck_fba15647b3a140d9,0.00044399073954749855
ck_15ce50f2704227be,0.00850983636035538
ck_8c748aaa4a4554f9,0.0003805502062657538
ck_e00e82a9419ff086,0.0028674816252919556
ck_832341c98254bd84,0.036196386977995605
ck_27466468d06db4eb,0.007799665100194955
ck_9d7b9e3ff1f3e71e,0.0002502012629723412
ck_42c6973d3a6fe983,0.00018313781747244178
ck_877c85bad118bc62,0.002877197568540176
ck_75d2a2715259c4d7,0.0017876013014048735
ck_37d3e5c681a2214d,0.08753299841186202
ck_bf285dd49f372de4,0.00019532495357478936
ck_a5bdd026fa9c50fd,0.010385729675259
ck_88d9244a9cf7a77e,0.9713109889722839
ck_5881b174e49b04ee,0.00012607152339279024
ck_5b16d67c5ea89930,0.0010359993773650228
ck_b75b936aafac56b9,0.0003392582672342541
ck_aed2681e1646a0df,0.0019354568879098551
ck_f63cb5e8cc702bad,0.0004760867451385192
ck_1805fcfc4a9e4ffa,0.4893540637226876
ck_25c355da356c730d,0.000389330820062752
ck_70396398e4a96449,2.572330366174066e-05
ck_0f743bd13373748e,0.000155265818338348
ck_4b387765f0e916cd,5.489048584504671e-05
ck_e971faae8a10a260,0.0001258956541287042
ck_9eb08369e983abfa,0.00023676709373761867
ck_c30c5844512e429f,0.008610483565217372
ck_59e77e3a81f1fa0d,0.0006048594450547793
ck_ca4465f2b5c1a52e,0.9992548456972222
ck_c89b9ca398402f1e,7.883655067674853e-05
ck_36e72ef9273e7a95,0.00032371505055502596
ck_2bdd8616870e5e1c,0.00027231264086207096
ck_216e87a41de22b5d,0.001515079036666783
ck_60f4fb44f5efe3a0,0.0001137930292098695
ck_05652e8ace6ce6cb,7.329315079437885e-05
ck_8c136dc691e65695,9.55518151754136e-05
ck_a08f8dfadbdca112,0.00019349545576609301
ck_bda4041a3e90d860,0.0012681448856918
ck_15dd3ecaa8ce0245,0.9949888541883813
ck_3e3c64b3b7876ce6,0.0006700828304624997
ck_46225858a38b2e57,0.00019328081756781991
ck_0cb9f54928f4feee,0.0008803046176703537
ck_152671fbf8a9a78e,0.7052926605977413
ck_ee7a515e87d17d4e,0.00027063033607267387
ck_f7276091bf513d22,0.038328843041417864
ck_4f05daf1cf0d5755,3.186828870737489e-05
ck_83a69c4a5d55ef19,0.002895053781254398
ck_c50fed2a7c9198c0,0.0005266285966275022
ck_70d19d5650ddc8f5,0.0014790803924077383
ck_4b4d99e443618904,0.00048819354725944484
ck_dca0b6ca93311ca2,0.0017117489188285978
ck_b7431d4706461ec6,0.0010116592555722234
ck_7b59d22cadef3b05,0.017575424666298096
ck_53428573abcd606f,0.0003702918906804426
ck_f538ab6aecf2adfd,3.068030542987379e-05
ck_d321249fb065d2fa,0.0029348115520117673
ck_72fdfc7e6d8e1436,0.000107239813440822
ck_b52b99dad89ecdfb,0.0003344595685426268
ck_d2d4282f9d256b3e,8.838039853549309e-05
ck_c8f2a1dd8a6141a4,0.00010336877294306958
ck_8d38747058d0aeea,0.9563747270966165
ck_3ac528caac74f563,0.0009906633240923586
ck_8dbaaa00ad829ca9,0.0016064752828903847
ck_7c38ec898f0fc21d,4.861158828604847e-05
ck_8171ef803f5ff604,0.0010394090391446277
ck_01a750db6fc1168a,0.0012178525621400055
ck_ceb017baa26e98c8,0.0010977478604305942
ck_e2c66c72cc0b0f78,0.00046324980981912544
ck_8d9518f64b222416,0.00023238414945088312
ck_804c5a1fa5753617,0.0005505881917913682
ck_fca7cc9c42695453,0.0003701767724358556
ck_3a632cdf2c19051b,0.0005284734787341647
ck_b2b63ea65edf1dde,0.001302651768603958
ck_27b07021500ee841,0.00019163370101359827
ck_9724718fe64c6557,0.9959261616257963
ck_2786cbc3e75ec034,0.7744355161717649
ck_d9c2622cb6df380b,0.0007595095308922862
ck_ae1da8ee98e402a4,0.0004097482557999517
ck_62967b91504149f9,0.0007937742210520207
ck_6b255bf68709109a,0.0012432302747288524
ck_c55afc68421d85e2,0.00016383369816750656
ck_7c7266f6ef2a8466,0.01124015529021773
ck_885cf685a9541190,0.9927995506513412
ck_1a4bb7d3d2ee3227,0.003013304876311185
ck_b4911c42f3bff740,6.916150445611944e-06
ck_66f9f78d4c6a3edb,0.001247940297220826
ck_49bdba9ee1899dfe,0.00016685593436879958
ck_79b235d51718435d,0.0048509491973843305
ck_d840db8cfe2ef6f1,6.637905801240401e-05
ck_610c7bcc1cd7ecb0,0.0018524205426981848
ck_cf49b6544aff6c50,0.07315663580649004
ck_de05f97c3d40dd1b,0.0013913873141722737
ck_0302f67d75973dce,0.0014069434945314413
ck_54c2604c9ca6256b,7.555325681271825e-05
ck_a1c88c0568f142d0,0.01568564311158273
ck_5d72ff6cc2963d1a,0.00019242086858360514
ck_0446920a1004c596,0.00024981940565184233
ck_71044c29ef071570,0.0001340093609457154
ck_2122e9bb1afffef7,9.683459311546915e-05
ck_d1e3de178601d3c2,0.0028255006437066517
ck_bec8324a3587ef04,3.2522786793885304e-05
ck_b616b6f45225f319,0.009785553890644016
ck_ce1e695884511479,0.01908562474388538
ck_a662b4bf900781e4,1.3376943948782976e-05
ck_b5a84c5547378c10,1.6597582877122504e-05
ck_f80af368cfc6cb7e,0.00020366119972963306
ck_da3526ab6c5c884a,0.0009442843925004619
ck_bd20be9a3392d79b,9.40743625371154e-05
ck_b8266dcd90cbfa62,0.00014820828631036153
ck_ac84b33304362c06,0.0019302310275802212
ck_794d8935a895e33f,0.0035537902636863902
ck_8fea7d915259f1be,0.00013877853968805056
ck_7a1519ad5ff45312,1.3827973976604609e-05
ck_9bf3ce30b65f75c7,0.01655110983270981
ck_5f864d72d1eead99,0.013952357262250826
ck_3c48e0cfc2a58041,0.025679345074397224
ck_d902183f80cc81fa,0.00028284074617543223
ck_539cb0d117db8cd3,0.02597429903608283
ck_28f530aec8e77130,0.0031092716544084856
ck_e7d903c50d353361,0.1496122114254424
ck_d288b77d1e227970,0.000674250180979315
ck_017208fcc01b5d40,0.0003908364024504019
ck_7e3923d278a5106e,0.004310964035300841
ck_9700a00ff9e66216,0.001296701361032258
ck_5c36c78b7a4d138c,0.0023723181459663553
ck_c457e9c9224b773d,0.0003267280603625759
ck_1dfa91405d7e66bc,5.7312929094359346e-05
ck_f1d8a2695a575e56,0.0007736917235983806
ck_3b92a46daf8d00d2,0.0010882116549813198
ck_aab23b5470469649,0.00032122901068959653
ck_ecdd01a391610d99,0.00018382477253993227
ck_abd3aa292f8edb4d,0.004348517075129513
ck_7fc9a0776e1339e3,0.0001253740113117108
ck_c0389ebeb0e65cb8,0.00019657395420014388
ck_48d0fc4f6a2109fa,0.9980505786621867
ck_571dee4f3336c7ce,0.001240399657084652
ck_4cedf26628c84f26,0.0015418314010870785
ck_63356762d24aab81,0.0028716927001280397
ck_2c5bc11bb7ae5d2c,0.9710271835306985
ck_6d26a152f900fee8,0.0009553372093425566
ck_c972b0e781efed3b,2.3971428309033685e-05
ck_fa0ecbcf9a33d6ce,0.00038574144266743704
ck_fa3a766e49dc77ae,6.416587460323775e-05
ck_7baf1e55db0dc558,0.01803681158169801
ck_e8bc49e6494c1f37,0.00016816351527565484
ck_8ef1d05cc1e53e7e,0.0036191731099083162
ck_cef2a485a77e0723,0.00022797605681220862
ck_228a583f23abff48,0.0008546276619815417
ck_ac32c6e374782b27,0.003902942189355693
ck_b9485218cef413f0,0.00021000745082246528
ck_7f15503048915d6f,1.8713544925817728e-05
ck_b62f5144db15ad34,0.00315535079645288
ck_917d82c552f95a23,0.0020268019313224575
ck_fb4797045077bc6d,2.1548633484174108e-05
ck_2cf8a44e041217de,0.0022254923070861733
ck_b7dd681eb3d2ee38,5.2828410003659214e-05
ck_e9e8cacd2fa35e79,0.002518438055539952
ck_342a79f91de5d1fa,0.0012165613171504577
ck_2c91f62c05685ed7,0.00023930623162263609
ck_e30cb64302939f38,0.003568486918378184
ck_d0e95b90ba86da10,8.415738256578936e-05
ck_1774faf414a5d49d,0.9850835809099344
ck_2401e8ff89e574fd,0.366658755518579
ck_0cd8802264e0a1ef,0.002707168197492151
ck_da84a0dfe947fd3c,0.0006454540876025994
ck_c8affb27ba7fb5db,0.0028442503179532553
ck_bc7ece8787ca7200,0.0001604383708335138
ck_469a0578d05990c2,4.3901464791091545e-05
ck_eef67f8dea702338,0.00020808245352284905
ck_4f490e379e9ded9a,0.00017306528631477205
ck_354379de065a8ff8,0.000720098716198946
ck_5db1cb368bc41ac3,0.00010800002981858483
ck_9b1c3742dd6fcb8b,0.000741501389712413
ck_63ce4f44c92d7143,0.008027827469197888
ck_e15e3390f5ed45f3,0.001544516382310127
ck_da645ea91d66aa6f,0.11591855377238207
ck_834ca727df855f07,0.03670115533321833
ck_e1d5ad20c737c745,0.0004347033046657761
ck_ff8059ae5fa5f1ee,2.094473967246124e-05
ck_8bb9e75393954a1f,6.178052422068903e-05
ck_4e1757d1347ab387,0.9991680131584025
ck_af3f74b1d75a5d95,0.0019305281389500946
ck_6b1ab0742ff04c3e,0.02573518752749865
ck_f56073911c9f1ab7,0.00011840174732158925
ck_51bd5f69b4fe0b92,0.9912127024901789
ck_fc3d95030b81f416,2.5371713382479342e-05
ck_cf78169633a1600f,2.5572406781410953e-05
ck_ad7269eaa65c67f9,0.016292188623631857
ck_cc6d33890d47a6cf,0.0025835852823902685
ck_bc8f31f4a2ffa1ae,6.831567678838912e-05
ck_720776a46e56dfa8,0.00017642105966010388
ck_e2d1f212f259539b,0.0017240224892052021
ck_eaf6f7082c3db2bf,0.003801231822923321
ck_773efe58c6278c3c,0.003280998160038562
ck_c4a72c09f2fdacc4,0.00010973227905478358
ck_8982888dd6611143,0.00017379502892719034
ck_9d5049e195eda029,0.0010438563844936603
ck_de58ef6f9fe2b546,0.0007926951293499436
ck_c0b50c11e4f5adf7,0.002382954312072356
ck_ddaf228487858bb8,0.06496622811205487
ck_eb2323215ff70362,0.0015832203448734497
ck_168c96a1a636ea15,0.0009169924721517352
ck_9c46711b14d9eebc,5.610596643156902e-05
ck_de8af660806b97b5,7.509676697816425e-05
ck_6ab83f45bf16eaa6,0.0005842997765129811
ck_bf2228a052815840,2.6588600464120765e-05
ck_3f943f20a9da9bff,0.0018152280858953125
ck_3baae40454c00938,0.0003278766354496071
ck_bc2e771a1d8d2dee,0.0025037942867840307
ck_e55f5ca37f30ce8c,0.0005035216673471843
ck_4ad5937bef176d89,0.0004523854938826098
ck_126531a9126c17c4,0.000186897208247003
ck_7ec423cb56257516,0.0014242686586634625
ck_54748ae0f2daaf10,0.006113984815864029
ck_ff24776280ceeeed,0.0006784449375492273
ck_3c3a1a1365741bba,3.8006476776259005e-05
ck_615277c8a4e2b18b,0.0003074566452371041
ck_a96aaef34173aee6,0.9653829355470451
ck_bea56db7f3e930e8,6.915313665260994e-05
ck_ca491debd3b32a59,0.004763200946032553
ck_d9ea77f4114a389c,0.001758258711541796
ck_322ffda3332d08a2,0.0007111155044962212
ck_c40ffefe4e30b001,0.006430456999589935
ck_3b1d7648d4580bef,0.0002137856099420111
ck_23981a3261674131,0.0002560662328686606
ck_11667f5b9fac7bc7,5.146918043735919e-05
ck_646bb3c7be5f0817,0.014403556689923552
ck_ebd0a45712dcf07a,0.003266832206478968
ck_baf43bf1bd963f9f,0.0003272826729131415
ck_e0ca2c819658f6b6,0.9932674187056065
ck_f0d6633d0834fff5,0.003076634614090197
ck_91081be0254878a5,0.0014298581895623305
ck_1325000bc7f35b5e,2.180138415120875e-05
ck_c624b9063400fa3a,0.001483153234748634
ck_0ad6fa0e23c3bd0a,0.005648694926075393
ck_6ddb55b1f23c6cb1,0.0010878769827499552
ck_dce1fb3acd65562f,0.00010862854918888574
ck_a9aa389688ee5aea,0.0005596744879085866
ck_5c5284c45d9ad8bf,0.0005228416662112019
ck_9ce743dd3e92549c,0.0021317995120041294
ck_8342e08cc2f9bcb7,6.523596657744831e-05
ck_25e551a0a8d2fcc2,0.0005168218209564575
ck_d4fd0e438c97e0c7,0.010768936210466394
ck_ac7fe1c344190c50,0.0056669810395831854
ck_ddd65711b5651f89,6.160143436995356e-05
ck_ec7406cb5cbc8f10,0.0004282131551273562
ck_1c65e8d5be3b9c60,0.02052742080174879
ck_38ee42f15a573e81,0.002722934215673672
ck_0e5385c70c6de025,0.0003822342590521384
ck_d3137f0f7629040b,0.00023663595975751946
ck_9129c92c12e0c8b4,9.536754504854586e-05
ck_c86520a00e50a926,0.0020541303446781982
ck_87f82b2b5fee757a,0.028169539033416777
ck_643abfbd7548d0c9,0.002515469544249105
ck_be51f4e5e6b85768,0.007079300721567073
ck_132c16312f37810f,7.291941205386038e-05
ck_c78c096ca8cb33ac,0.00014409895568681403
ck_2ce5afbc014763b8,0.003248079847913269
ck_50ed8f4e7ae6710f,0.0018307951020250979
ck_5a4eb535c9a11993,0.0010962118003216897
ck_9b665ef46d785324,6.392347230149754e-05
ck_e066f71f8b296b7a,0.00010505106779799108
ck_560bc6017870ab06,0.0005294906568748537
ck_fd78f8a8663646d7,0.00018781368684755748
ck_4af5ec61ddbde1a4,0.00024166200394204644
ck_c2ed04a9d218410b,0.00016621485168381096
ck_2455d43bbdd2bb69,0.00024921509948422566
ck_56eed7041add49a1,0.2038252819935033
ck_5f0be7b468a72333,0.0002056113640025711
ck_19660cec756632ca,0.00037398590422304704
ck_fb90408f4892a21f,0.003206272922462791
ck_833a65b86a5d9bda,6.623041405001546e-05
ck_2ac36e1dff211d38,0.004296172422446777
ck_c00e70606904539a,0.0005635015119631898
ck_ba8affe4b9505a95,0.9360651086113493
ck_0c3dd22587b08018,0.016284273783240155
ck_618c4e5cfae99dcd,0.002729161989551834
ck_c9690baddfc4177e,7.105026570209011e-05
ck_59fae092fb0c4aa3,0.0010204155064374911
ck_e03b7d0fa0b28f4b,2.8729692038801948e-05
ck_d451d24c780b5884,0.00011555356901403897
ck_e980d325b8dbb8dd,3.466651319475715e-05
ck_cff18e2d8c520272,0.00017315324792388953
ck_a0e46b67e986ab56,0.0019839124500591093
ck_3a469039a5b9d963,0.0002994889771694988
ck_12cbb211ebd2b437,0.002815523411430704
ck_b8cdd6d6dccc4554,0.0011575835406431845
ck_794ba5921cef50c9,0.07448856874674932
ck_2c7667f64edec2b5,0.0003485447047930926
ck_7262b4e0c29c942d,0.00044084790321557705
ck_5d818522cbfe2a54,0.0003618984488071093
ck_de39c1947fb675ee,0.01938596602746225
ck_c021495606b4735e,0.00044611885726028973
ck_1fc03ba33edd9e67,0.0010424422350769284
ck_a6fe344bbf67f14b,0.00028685361818571437
ck_963762210edc5694,0.001505654641698359
ck_d064428b7e7dc409,0.0001883317783604146
ck_59be61b53d971611,0.0009950435997775641
ck_ec8738ec663cd2eb,0.0018660622312019813
ck_59d086fab5998646,0.00261254485898993
ck_bd32dd3b2cbb7888,0.9996651472368988
ck_ce0166addb93bbad,9.379324681059379e-05
ck_7c0fdfbb447cdc04,0.0007500850421685365
ck_cb1bd7635968ed8c,0.04763331608353528
ck_66f94903177f20eb,0.004107682074703792
ck_1d7cd5dcbcdafd7b,0.8611464487067219
ck_5e418a7c04437b4a,0.031357967614751944
ck_631ea1ae91ab333e,0.009514259720691282
ck_0a8029e79a5ae7ce,0.0016424674455052268
ck_c4cca8278bdad9b9,5.853968959845658e-05
ck_4dec3df58077a257,0.04627554616876373
ck_609c249edd88c565,0.0013086636983834642
ck_02e5f9cbbbf2f078,0.017146563341640615
ck_32e486859130458f,0.9970462096061818
ck_21ed2ea6386c5a07,7.812464248076728e-05
ck_1242aa4496576a99,0.0021578844676758448
ck_475ea9aa6d3898b7,0.0009608168912314473
ck_fe1b1adae3be70a6,0.8290218143688091
ck_c5414d7a8031d4f5,9.149687876858834e-05
ck_ca1f6f01868e978f,0.0001446086147456741
ck_5eff0208c74ec714,0.0005656006634455183
ck_a315c9619a317609,0.0030379306883119416
ck_2b87683c90acb852,0.004578099906064153
ck_7cd9f39c50748ed0,0.000154202679874372
ck_16a06d58d71935bc,0.0024705067136545212
ck_d116e0e7c19b878e,0.8664719245946845
ck_931510e384b1d0cb,0.00042855128593484156
ck_e7651fb87bb24132,0.00024306014992061167
ck_88ef9f85948e1a01,0.0008906126192943231
ck_17bf38d51115a8f3,0.00026879036130673196
ck_2659d1d3762a2825,0.00020781395989654192
ck_a7285955e2852686,0.0006451484002882569
ck_f2c33d5b65b321db,0.0013425217703032948
ck_83e5979334345622,0.03217298454007504
ck_629537d8b4d0f395,0.001744885843418953
ck_72022008a92c9386,0.0015295759011450802
ck_2973b8274f0bf69b,0.012973043027538793
ck_565e3418d2f4061c,0.0012876277665943214
ck_54bb53b8f8ea32ae,0.997008613746718
ck_af0a6540ea7a36b2,0.00014844222995651646
ck_888651bfc2c8cf70,0.00021755541684942707
ck_1dedcb48ac381a1c,0.02769872444404721
ck_f73273e220296be8,0.000786910957704003
ck_8424bf65223a5a9e,0.0003318644270036062
ck_337b930fd149a696,0.0043861526963237
ck_8a4952de8a123ef8,0.00025079148818546573
ck_884168153c9c0c81,0.00013646397027573999
ck_fdda581aec411010,0.00014855017353074414
ck_2b7cadbc8b180d32,0.38882428827146875
ck_8aa8b9968233a1ab,0.0005693377585018269
ck_0af18b3ce015d294,0.0005995798712167573
ck_8dde670a735d1e90,0.019882099438362628
ck_62f46226f244139f,0.003529376200862549
ck_f948e8a8fdd79b4e,0.0021905776225595247
ck_fa00aa0f3e859904,0.005630459480012364
ck_fc7935f784a4f249,0.00017288982644059252
ck_e7501307c0698e5b,0.0006277718590333524
ck_549ed417f2834cee,0.003077272293380936
ck_fb2a35571ec719d4,0.9398945183924801
ck_25822068c86c856f,0.00014803838677789294
ck_8f35d229b62c8f23,8.398613095658568e-05
ck_bdcf049c1e7d0c95,0.0008360677943237177
ck_0aa9db36eb16422a,5.988268421118237e-05
ck_42dcf92e9e016922,0.0024948847315254233
ck_42341cf31c08c981,0.00021146168056188585
ck_0b20bfc515ba42a2,0.0009117362177081415
ck_0ec820b670d48098,6.770423333619314e-05
ck_1f0bafec397da8e4,0.0028847020935798395
ck_82f07504ab59ed33,0.005366162573136122
ck_337b24a474010abb,0.9992471702374283
ck_703703bda38fdcf8,0.00027044285249968746
ck_01e7960c63dca3a4,0.9799874313666435
ck_be5bd81e3715cb8f,0.9988457155300657
ck_197f8058cea1fbea,0.00012136961621686879
ck_eb3fb1106f2f1b21,0.023607203498623563
ck_658b4b54be09a4bc,0.9996326193946097
ck_266ce7ccf41ccc50,0.00046864349615840096
ck_110608c3b03d4038,0.912523962005716
ck_1be8cb95d6d9bbf8,0.0001962482768502288
ck_8e16a64a776afa82,0.45264730699721983
ck_34bd190d37eda534,0.0013377691129815212
ck_4f521611ae14ae66,0.00014841322222637005
ck_d839798f9520363e,0.001237233264414359
ck_d1bbfd246c0ac9d5,0.02257647786972602
ck_f19030e6e85a6776,0.013077104559000413
ck_cdabe60ab59f9d5a,0.007970180319567447
ck_bb84b2b30293f566,0.42995567223578535
ck_427b91925952cb40,0.0012860862046986546
ck_1078b1e155b5b640,0.0007544835170331004
ck_95fdc264eac72fa0,0.00023749673561644503
ck_e35eb857c61548b2,0.9569116614871868
ck_69bd0b1abea7e1f0,0.02420585678894568
ck_59de511b20c842ba,0.018204553020578315
ck_168e7ea341a36b80,4.4729634379721874e-05
ck_4937cfa6526ea138,0.002253257775274102
ck_bb1a981306b750ac,0.012929674521543973
ck_f42a43e4c3f34ccd,0.00017395362738881572
ck_c7ae1d4b3ab38185,0.000328804806859335
ck_bd23cf9bba1dd33f,0.003109115899689444
ck_0fd826fad7ec7cd6,0.009574190926074198
ck_f143641bf3dd0414,0.013285018424966126
ck_ad6d48c20a3688a7,0.00020078162825987064
ck_7bda5b5b927b2905,0.015796761784053884
ck_a337eb38eefdcc88,0.0012552133479647241
ck_403da2a2d800df9f,0.007329573315829882
ck_aa01d5aafde73d0a,0.00016216953396908242
ck_494954023f0eb309,0.0015434530034991985
ck_1c6820fc38135ad9,0.0028603350977038345
ck_0e0bab173622db9b,0.016340524303870747
ck_547090bf35a3b243,0.00021896648696334288
ck_d69455220b21dc9b,0.00024509479862609647
ck_90b4ac695b9c6bf7,6.029142544567736e-05
ck_8d2afe17c0082e6a,0.012832580584375954
ck_926b81c0ba528eee,0.0019238511465975254
ck_ce36b0c287bd198e,0.004378832222590531
ck_8026e017909aaa6c,0.00027645424341941915
ck_dfba788f35d4c372,0.0008204637896527398
ck_f09f9d0e0886e0c6,0.002820411724551966
ck_4ffe0366df388604,0.001203887198098106
ck_75bb521de55644c7,4.217833922913226e-05
ck_81a960fddf79ecf1,0.946027840087958
ck_8f43459991ea511f,0.0004357788543941074
ck_f878b68d66fbfd4b,4.96153378151334e-05
ck_e84abfc0c747c9dd,0.979474428886364
ck_3ad3fd3cceb56b66,0.9610318885392678
ck_7cf562578c7f158a,0.0006635079969808
ck_f81a97d350397306,0.003094868896515909
ck_255d87b7fb40caa5,0.004597437610642082
ck_b3905153b9eee924,0.0049581266036341064
ck_2c80a592fb4cd6a3,0.0003191878225028084
ck_57deb202d4188a29,0.0006382439007095571
ck_e3cb5f31d8e94448,0.9992927327083776
ck_0db62d5f7f75f80f,0.001420320606033423
ck_ced9163ea85589ea,0.9014521666784318
ck_e16528edc694fb33,0.9945343517542579
ck_78cc5ec4940fec3b,0.00034201433142669335
ck_31742076e9a998f8,0.0027923329190358234
ck_5ac335f02280271e,0.0036515054656588333
ck_7cc2e091806cfa5b,0.006317401477101424
ck_3152c7115257f084,0.0008454141541853123
ck_ab1b9d019921bca7,0.003385603522082458
ck_c33a762d98f9b290,0.00010477094996826065
ck_b16a7c51b6f7a6b1,0.007337964621043905
ck_97402a153348e68f,0.00012833202253699215
ck_95391029a21caa24,0.002810551200130483
ck_c2015a1200971fe9,0.0014043437844601001
ck_ed4427962c68918c,0.9959588987366033
ck_c5e4a17d3efb19a4,0.00462134248203575
ck_8aec3d3dd51517c2,3.7689205337369576e-05
ck_f5178a658225d8e4,6.186368284807263e-05
ck_8594f165e95316d2,0.0016760549147738768
ck_f0c4aac04076a6dc,0.0011338498153339786
ck_ac2f7397801036ef,0.0013348784122388642
ck_d1ea4bcc407c7d5e,0.0010616043218493367
ck_cce8b6657a538fe0,0.0013753269567119435
ck_66d0c6d6b67a8d58,8.332800733499361e-05
ck_1a6b30320835e57e,0.0006375197031956519
ck_8cd274cc85aa35d1,0.002273958600152848
ck_ada46085a78280e4,0.005249419654012153
ck_ce1b06623e4a815e,7.576668103968873e-05
ck_45e70c8a9686580c,0.15314618641410271
ck_0084d8ab6b1044f3,0.00018709741861185064
ck_a5f7b6fed6df2aba,0.01109879271665241
ck_94940d783e7988e6,0.0004589423236313645
ck_00f9ca84d1d8ae7a,0.0024477970288201106
ck_0deb56f3f6452818,5.989416981599038e-05
ck_a58e900469dfc3f0,0.0001747763320486751
ck_028c41b195280980,0.0002547641074354974
ck_7661d7ceaeb19f97,0.000782573876322147
ck_6957905a65c47879,0.0007416381515821913
ck_f7c6c26ef3c4ae06,0.00037616983010708613
ck_8777beb11aabd66d,0.0014512901850649415
ck_7db098a17374bbf8,0.9955290529587209
ck_66aeb00e44486cda,0.9658938576849353
ck_838c52cc1d315ec3,0.0013961505980354411
ck_1745847cd4e5dc83,0.000901711310332215
ck_201687857ec8b3cc,0.0008519737566277622
ck_81818169208a8cda,0.0013511412204331532
ck_3303fd3f64632c7c,0.01904596137773318
ck_edf1096809e83ef8,0.00019032660734681482
ck_235ce9603c7dccbf,0.0013963752237735332
ck_9df7e153868bca13,0.00023569512419970324
ck_3cfeade2cf270fee,9.787499004453361e-05
ck_982b0bf2e2b6c4f7,4.0110705979535025e-05
ck_faeb0da678bb86c0,0.0004978477252757022
ck_e86ad2fe815b6ed9,0.008000651782670802
ck_70d69e5d1bb99e85,0.00014958779007790966
ck_7e9a8924eab779e6,0.9893308911530969
ck_019d5891103e7da3,0.0003317491005513098
ck_14f0484b3817eda5,7.273175478569688e-05
ck_85de63d278f0fbae,7.199710882557534e-05
ck_ae91b4cff57fb3bf,0.0020879789331880653
ck_2a6d43b9f883b78e,0.4538750510881113
ck_7a4e3d553e8ab5b7,0.004006830557119682
ck_fdf89dc69f700f84,0.01646199634625231
ck_f92e04024bf13558,4.522242040998605e-05
ck_4a522ca2dc4831a0,0.00013759271510101204
ck_68ba25dc3385fea1,0.0016208555323405116
ck_22128a4f0d033422,0.0030818813365697654
ck_5b52ee0a13c71590,0.0002757195897297452
ck_59472d17debedafc,0.0003551447411467289
ck_9dde2c63acda3ba3,0.0020065626274397147
ck_7510b1023cd08531,2.572227583240887e-05
ck_071ddaaf2e4e3671,0.00026313523182699196
ck_1355db6f4010232a,0.0013684998090071983
ck_0a7adc2f27f98510,0.021055711101512883
ck_68250033717cd59e,0.0006542487830209158
ck_7c12de74de30b788,0.8854764909882079
ck_65491367584c730c,0.003115368174753897
ck_e9047964952bee70,0.004068380506034813
ck_5567779d6ba184eb,0.003396815105807076
ck_d6ea026357ec6477,0.00021191535690589752
ck_cd7dcc884e283746,0.0010037814197417336
ck_0bd77fea8ed75a15,0.0006701765304269295
ck_e80883208e8d0453,0.0007106771756102043
ck_2ad0ecbacd5acf8e,0.9929965100539445
ck_6c1dbee7e8fdd5c8,0.1923489211742033
ck_ee4d9a7449515908,0.00021616847818882774
ck_636111f7f030496c,0.00010286439372597207
ck_2c629c657f73941f,0.0015961019697722711
ck_c1c9d3842d758420,0.015961754247751748
ck_e4df7faacdfe8c40,0.0016073535542402721
ck_94e8142728e44380,0.04286940801659522
ck_765aaf42c5088545,0.004188615054024144
ck_e0f845159b6e6a4a,0.0001693441247003283
ck_5bc07deb82edbad7,0.00019386289581488865
ck_713159c5c6a7a4d0,0.9993900988301245
ck_b08afc91d9ca55db,0.0008705932387967421
ck_a7bc323ffed2ea97,0.01684138340235592
ck_85ca825f905a34a1,0.0017501746578636988
ck_33160c443d4b3f19,0.0009052877403124228
ck_832d39c590a3ca75,0.978109931065317
ck_7d1661a34164406e,0.9841238098947228
ck_c2466fc40fc9d5ed,0.9933938863218972
ck_ed0e776c0926ce67,0.026167173756745953
ck_cdd2ebeec75bfa69,0.9671926217223052
ck_d7877684c7923ec3,0.0001962084493122474
ck_7384d4d2406aabf4,0.00033929605942857713
ck_b8e5244e650aa81b,0.0016122593815408482
ck_25a1ea40b2d59254,9.258570423299337e-05
ck_b9e5b318ee4de68d,0.0013448510967005339
ck_620d7ae27af83cea,0.0009793657480523651
ck_40b4e264d1a12b83,0.9300200034820962
ck_b694c803b62862b3,0.0005597366512748337
ck_cbeca201dbade3e5,0.0005656678065708579
ck_f9b439c9161c3e52,4.96572573962596e-05
ck_9880410fcd10a28e,5.333314551004784e-05
ck_74928f5f91aa12b2,0.006336475408491444
ck_b6673bbe61d2680d,0.008464021542397242
ck_53c8315b5c30acb4,0.00016001187336565665
ck_78f01d78ea79642f,0.0044928827717306795
ck_8582490d6e365a63,0.0003160292017945451
ck_af25c72d16299258,3.305953494203731e-05
ck_7905fe8e257b0449,0.05592698579310196
ck_0d16d9349e4a9e08,0.0007224529230943281
ck_31b16b8848584e98,0.0015500325742774373
ck_67207e3eecc02d76,0.0004620442382899793
ck_e6b95ff91116a592,0.0017306714703541925
ck_c08f622bcd6de6e7,0.005291438189997998
ck_f9a68da9e0f0bc85,0.00014412842913211684
ck_4072b59388976896,0.0001983582879606756
ck_8ec86e853ad52828,0.0064266812210643336
ck_4fecb87eaffd5cb5,0.00017030247491028013
ck_d6880578428b965e,0.012075947555624389
ck_bfc82b3c1c9f2897,0.9753162990574675
ck_c340644176ca03e7,0.00034726615226636227
ck_321e740066fb05c3,0.10089628586078282
ck_8929d2eb09872052,0.010050012181419472
ck_205c107cec528414,0.9044538201247996
ck_e76db7d2562f9836,0.00016163850270220514
ck_9ede51c8434cff6e,0.0009772012749768406
ck_492e4b89c61b7b6c,0.00010812372866376791
ck_9385f5a1eeebefcd,0.0010029600624947704
ck_ee52c7bf88f952ab,0.0010228495428092341
ck_d8116c34302021d7,0.00026644110778806745
ck_01645ea51972e99a,0.0027832886278235202
ck_7b45ed23304a854b,0.00010756988156562718
ck_2096d32f3d497ea1,0.0020955589898825327
ck_dfbb2056f1ef7d3b,0.00030947627583099855
ck_938ce30c864bc7df,1.523978106054227e-05
ck_ff30dda2c881a4bd,0.9145041575816593
ck_f88c79186a082beb,0.005573183414900636
ck_08c7bb0f9851cb76,0.03575375482820714
ck_2675e7a008e584a7,0.0029417062002707007
ck_cbaf8a954281d4e3,0.9945203508742282
ck_8b24eadf6c72b30c,0.6372216863912358
ck_ffc8e3c1377d0706,4.612598909954428e-05
ck_5b59e859bed5b40e,0.001181106988852153
ck_7b61717f172f9317,0.9967543863615093
ck_e5c30947b732f661,0.025969130255517225
ck_bc273f3ce79f7e1a,0.00018786832161233203
ck_f69e93388b3028cb,0.0039804063839364995
ck_3837ad850996ba60,0.0025660819577974225
ck_36d78ff3bc033ee5,0.0017564519858461452
ck_5e20953547ba4135,0.008081618672744706
ck_258d661e450ac870,0.0010784698280816639
ck_1df66f537496ca59,0.002197990880427835
ck_361f535599110201,0.0008540794107260704
ck_337e98c69f6e7886,0.0005660491337840861
ck_d3d5b2717cfc3913,0.0025175045443849974
ck_b1dba768dbe7affe,0.01527262895815604
ck_92d782bd9ce0d1e3,0.001106031611693914
ck_26bd0f8898afc8ba,4.645966554943763e-05
ck_7916e53daab36745,0.06455894388158533
ck_2caf553b31831a50,0.0011259054427527847
ck_c6200734c7f9b2f9,0.9869177456941419
ck_cdc55623cb16e6a9,0.0002387239608971118
ck_57849e15b61c43b4,5.6184409847641146e-05
ck_b7af9b2ee0eebbc6,0.0029195090308243147
ck_00aa5fc3b3bc66aa,0.02004036518295578
ck_9929723f65636c7f,0.9991987975230531
ck_8f6cce9f69912983,0.001431002507351826
ck_c422ba389ff00781,1.6049740183527814e-05
ck_9ec7f334604a228f,0.0026457184718740217
ck_5d01200ba3341462,0.0011452823303611118
ck_2bf10be403849c9a,0.0008223608112692502
ck_6ca018259f70858f,0.0020071952600936005
ck_a54dc042ebb7c766,0.005402800348313799
ck_79da63fc100830b5,0.0004678197908988297
ck_67ab6f9e05c85085,0.0006169581381614435
ck_fa80da579ea9afc0,0.0005785026377273998
ck_4339f86c87289222,0.971826849780988
ck_a2299b4f530be0d6,0.09434564244132322
ck_19db0bf788697c2b,0.0010964653087897167
ck_fa4211c4d826d830,3.5931720304371195e-05
ck_96100d5e8e051e91,0.0006183018190595571
ck_5c3a671883d58b3f,2.6877121212244503e-05
ck_2d9524787cfe1ab3,0.8275932489157924
ck_47ab8e51e5b3a2d8,4.266480448654342e-05
ck_c924f36bc1bbbaa3,0.0008747044896414021
ck_5c58e7f8fd55e26c,0.00016110251051320172
ck_a07e7409d6d5aa06,0.0009829164552824083
ck_c8413898f5f7cb7d,0.0016105743288572952
ck_577c816b41cab002,0.9968748310084664
ck_9f7807ed64cdb728,0.0015736285600958255
ck_495d814d6d6d521e,3.243243575569001e-05
ck_7aa8bc018c2b003b,3.297615553794484e-05
ck_7c3a6a82f3c3241d,0.000695825780692171
ck_487f7fbc290e4ae2,0.0002137561326079338
ck_e556c4d36aadbe03,0.00029243435393353905
ck_7e6569a1b2455cb0,0.00013979561722409338
ck_de2924955926d046,0.0009176861778176578
ck_73d60b4630e3937a,4.63488740269217e-05
ck_805ee564bd35ef15,0.0013648004499284677
ck_0d40961e47797027,0.0003971790049790336
ck_f06d00a4f9c87d80,0.00015614401870702908
ck_5ef50fb07b6737d5,0.000780620577732361
ck_16541fc15683e21c,0.0004618120302689442
ck_09fd43f1b7e2eca2,7.636056200478014e-05
ck_2a2c336a69b8d68d,0.00022735906229832048
ck_2685f38930866af0,0.0013950730239396705
ck_298278a9da874437,0.00038030855258382824
ck_00bd7803f2530c68,0.002966970471719589
ck_c2b4a1d8c0b6c1cd,0.00016779098869617844
ck_2acb54ca20c3af6c,0.0001640911629949483
ck_e3d4b6f681c783ab,0.0033910799718894127
ck_f90293f1eba5d7b6,0.01061829167349112
ck_e69d27e8965df0be,6.908630150836981e-05
ck_b7f5d10b427346ad,0.0004932037366672446
ck_1ce20e4223a936b1,0.00016117966989909262
ck_6b97d1ab90f6bdeb,0.0004596841295763253
ck_e30e17db5473c7b2,0.0012388500655966454
ck_154c8efb19dee665,0.0018150332659121102
ck_6f5bb0c930644cae,0.9993024189068982
ck_9e17699baa83d173,0.00023219934315709355
ck_9693b1eb70880205,0.00029559081186234973
ck_1e97899875bb427b,0.00015645598762757966
ck_558a82590f65df69,3.6093449836487065e-05
ck_18df83242ff3cdbb,0.7768257540843532
ck_80ad4396e1084c68,0.0016208982266314321
ck_0a993bc947bab61f,0.001455383709164986
ck_5c2d43ff841632f9,0.00018656622066633052
ck_6e4b99fb9725d9fa,0.0003147059371623786
ck_e0983999ca26c19e,0.03151207703623756
ck_6573c4947cc8607e,0.01205375016249327
ck_d879d645d6e44207,0.0004918339597157716
ck_1375ad9f10688e4a,6.378458868073579e-05
ck_7501ebbf4e21f160,0.0005855712983670534
ck_ca60d61cd4dc3bea,0.00011965001469838282
ck_ab9ea095a5c58b4b,0.0013277617945242153
ck_23756522b58df5d8,0.00012237159469293514
ck_90bc176c43d85fd5,0.02167042310147871
ck_908b663b2dda94ad,0.005473669950346942
ck_4df2fb8e4b649e27,0.0001047302325515639
ck_5615c6bbdef05291,0.026611649585113854
ck_b62f3e3185251f71,7.082356457199856e-05
ck_38d1a22850178f33,0.00010699066137500168
ck_5b3ba20c8bb1383b,0.0011790966769973093
ck_5576ffc6aaf6f22c,9.406616231355804e-06
ck_cf7a022178165e56,6.186978962855537e-05
ck_f2c7a4c50e2ede96,0.003645658350565257
ck_285719c77eadf915,6.930161205292803e-05
ck_f2aa1b677619ab19,0.0006441686624516792
ck_3830c58d841e9e69,0.3524533174708281
ck_32eba3510c8eac5e,0.00012721136894231774
ck_8955d7b9030d5eb5,0.0034574089338543974
ck_6775e387dace7525,0.0004380682573910276
ck_0a0cd7f4be606a93,0.005976051331270143
ck_a9f700eee5d638df,0.0006105007249504965
ck_3d7db96995745472,0.026766571489925145
ck_aeed557007d52e9c,0.00011971792112157198
ck_79b6a86830156b5a,0.006306240360581353
ck_6a1ff9d69466181c,0.999688740454558
ck_f11b1565f986f5e3,0.004943060253119511
ck_4819327a78615485,0.0003570998509758033
ck_3ed9e081959b2f5c,0.007559590690783169
ck_16af4be191c47d3d,3.461139536538417e-05
ck_25122cc0e8b1a662,0.009274702733085888
ck_509c22828d467ba3,0.0007389636351152031
ck_31109c899336348d,0.09503297161488906
ck_c51131e53baa59c7,5.0646850899230785e-05
ck_cf8ecabbc61d3e11,0.00020043152431715476
ck_eb6baff0f85ba936,0.0006248911326372792
ck_777669e2243204f2,0.9599710299723939
ck_ac0ea27e692acdc9,0.00127055135765839
ck_4c6ea04ce8ca9e2c,1.3916843573396526e-05
ck_ca54b32fca7e94cd,0.0006660749989866583
ck_4dfd8947f540eb24,0.003993977671384531
ck_95aff1fe27fb24bb,0.00023306901352794407
ck_c7550723b90e5615,0.0006707037714237462
ck_57b3fee69bdf85e8,3.693657789542836e-05
ck_f823407ace7ff064,0.0011662470232919827
ck_a69084a068bcc8aa,0.004408961962899357
ck_c7b17f7b24bef5d7,0.0012886428600246544
ck_7c4e588f927c27c8,0.0003519499444947421
ck_77fdac602d0c6f95,0.0027220571256932648
ck_e963d8525018d072,0.0050085071498808965
ck_6e8ebaea8f7bffaf,2.7233193048615066e-05
ck_aa42976a31cb7770,0.0005273126125811886
ck_22c862a496008c96,0.9984745223294503
ck_527550dd15f38782,0.001189073116754054
ck_b3ab3c210e2c7c19,0.0015449587642106318
ck_ed9c56fdb9f45ddc,0.06920601708613656
ck_b53281da70defcfa,0.00051524542353894
ck_03009b721568ee98,0.00045497595629954805
ck_3d9afd862b3f4053,0.05738682366681086
ck_ad3c4be96599554a,0.00013905779121962616
ck_d1c787c27d50af49,0.0013915730453221088
ck_c7a9c7b2eef46a99,8.76719013810795e-05
ck_53036d3c6c74446c,0.018563721031981277
ck_1b1efbd9c0964c8d,0.002014215035825809
ck_d66f42a269d5c1ed,0.001200151991486159
ck_fefc49a2b8ad993e,0.0005472464500598523
ck_8b3b874249adece9,0.017710487122067818
ck_193d9c87ad3f1dad,5.0565717032954605e-05
ck_0c6a50d747593b7b,0.00014527440940241608
ck_c830f3830875b47a,0.001052822729159647
ck_79e202f06d8dfe42,0.03533749246386431
ck_5c0fe988b8aa7fcb,0.0031642137620668523
ck_a8382d8345f21e1e,0.00017007776401963432
ck_8cb20053914692d0,0.00384169427296152
ck_1da2f69023ca4c13,0.00017220999094695613
ck_38abb60995114f8f,0.0025059734792475274
ck_f5791fd8fd8fd191,0.000925489957133842
ck_a4e6fc391b674335,0.886801591092475
ck_bd771efb4a7e15d0,0.002457977870066007
ck_38ba4a6b6a292054,0.020525849040587685
ck_f7a07283345a0dce,0.00012985559732513928
ck_87dc484baaf5a23a,3.6767319875286193e-05
ck_c84ef83489badbfd,0.003200244214221051
ck_a397cd64ec5d644b,0.0001412608567706174
ck_7977135c2ff61e92,0.0005586362137684858
ck_52174855b243a8b0,0.0020947737367943853
ck_0f35e930d0614613,0.9984490227253162
ck_b170a7db522a0d6f,0.00013551917406610066
ck_7af748a23775bd54,0.0027687084449619804
ck_52f641c9ee6fda70,0.0007963992339492019
ck_c3719a30414bbb4d,0.0014040493306454926
ck_2baf214ad6bc0dbf,0.01289962028680913
ck_8b39d8aacfdd72b4,0.00016265224915646583
ck_d39b0152116203be,0.00014958055160584706
ck_ed33f8a937f9c7c8,0.0008140657845284294
ck_8ef97b55a5fd6ec9,0.00026484414956788995
ck_8247f008a14bd1a2,0.0002301083191938409
ck_f0d349d68249d5db,5.6346424513123756e-05
ck_a544e766540861fc,0.004249539614384358
ck_9dfaca4c7c80b10d,0.029123806640166866
ck_7e5401c362b2216a,1.2902577540633332e-05
ck_64ff60c073fdb6db,0.0007994356349972824
ck_fc5ea49518e5d637,4.489857580291984e-05
ck_580f136ced341298,0.0002767780997267573
ck_9cbef9bc95449dca,0.00015507524856803347
ck_e475a3b8ba870a7e,0.0002543210739627707
ck_97e94708bcf43563,0.001860980078424622
ck_13f03ec785cbdae1,3.2439763435279525e-05
ck_152820d8817f478c,0.0002352307102207691
ck_d20d4ba60eec9945,0.00026615624092394017
ck_5c45968a805132e0,0.0014560351729400523
ck_bebea2cf3063fb24,0.0002643744053139303
ck_c3c69aefe7ea1d2f,0.0020739340974966635
ck_02028b72f26fe855,0.0003762187961424539
ck_dfadff70a58a9133,2.112920329349595e-05
ck_6482ed4491bedcaf,0.0011593562388392418
ck_754cd7b4a5ae3f94,0.0016240419247110897
ck_3132857aec8485bc,5.4758600182073406e-05
ck_7ce4ca91b8f9f1c1,4.04422990320424e-05
ck_41938582f4351772,0.0003328705743903681
ck_f87d66946252476c,0.022209692809343796
ck_8053f1879a9b4e43,6.535701841800657e-05
ck_93892e91387f5103,0.0001760589752430409
ck_15254db133b28371,0.014769067685018908
ck_d557b9feb241b3ec,6.87115637917399e-05
ck_71c3a8e4c12c989f,0.00015147638996239454
ck_80e3041811033443,0.005196718753863899
ck_3380d60067b4634b,8.852718854436369e-05
ck_a9c2cdc758df8510,0.0006938421913786603
ck_3c0031d7514da17b,0.0017575368264190344
ck_18d214b1418be39d,0.00021649351216147006
ck_7ce768407fd48321,0.006365468143423636
ck_7a50abd42298133b,0.00018485491611086222
ck_2db10f987d137582,0.004412243264075402
ck_e077d004cd1d80ae,0.0013885063482256049
ck_1cb6dc67f9a321b5,0.001652660650426247
ck_b864f64101149c35,0.9838576765685272
ck_9bedf54df9418e4a,0.00022136828322018726
ck_c47e32c47f0e6578,0.04345641113228379
ck_71f382d5e338daa3,0.0005957706911044055
ck_14b4bf7be6ac2b61,0.0005357058078195349
ck_5c87eea1cc07cc92,0.003274597993630526
ck_5f445182829ef342,0.00024895829127691006
ck_a5d7311291caaa54,8.455108111608905e-05
ck_b7df99aecef385e6,0.009824587519410562
ck_3327a0582407068b,0.0008444111401361057
ck_08dba09fd7dab896,0.0008744158160374719
ck_f4ec334be5266378,0.0012465460391545826
ck_240f7f894c5a86e7,5.044313220955369e-05
ck_a9d994554fc14a02,9.712920408516157e-06
ck_13648cbd306eee6d,0.0001603928645631081
ck_601edf9105b3c321,0.9976893714279393
ck_9527adac182abe57,0.9744210061419841
ck_4e0e80f5cc271bf7,1.0269546274099719e-05
ck_96a89e720176b389,0.05883819852786147
ck_63560eec94b76d2f,0.0003734912244305447
ck_c9c99e5b19aeced8,7.065018993317175e-05
ck_bc32655ee5ed643e,0.00033779877838001175
ck_edccb5a93b741744,0.0002648154964763555
ck_f786cbc987b70930,0.00046022208092831547
ck_0e8f26536ccc8947,0.0015681563733279844
ck_b87ef4b98cfcec4c,0.00025770040085984773
ck_1a9235812de4b2c1,0.00187782891806044
ck_d1ed88ea4211ba4d,0.0001989558210798713
ck_a4ddac49657a4450,0.0008285200771302815
ck_d9ffca35188e49d8,0.0018891599873755822
ck_3db73bbe03c3d240,6.784347747062552e-05
ck_fffa0622344a36ab,0.00012407100003467727
ck_148c28df51bba5e9,0.9802819764938481
ck_076cbc25c8f15fc3,0.9854016079715284
ck_e5ca550b39ed45bf,0.7313999978134089
ck_8dacf3a2061ca17d,0.0008854341224412241
ck_2d7394afd61643d0,0.00017218531989606257
ck_e42206e91f6a1752,2.3232174060275386e-05
ck_2f4f94827984c426,0.00031206612033851937
ck_edfe8e90e8f4366e,0.0003301820912866749
ck_646b15f753e5e9c6,0.0008725220838352691
ck_66600620149c8799,0.00021346453094816533
ck_4ff6fc70bccfba96,0.707125534655423
ck_41af3729590c2484,0.001530634121044972
ck_920a48ba8c583e96,7.692240032462904e-05
ck_0253b3e7be021306,5.5259846792636696e-05
ck_2ae6949246ea2648,0.0013017776413745692
ck_db23a5100f338d72,0.000392465574690773
ck_fcb2a559474c3493,0.000692448316144926
ck_0a4d7acd2a53cbbd,0.00023516393994654964
ck_c5d62b2b7a6f3bac,0.9991943161968876
ck_cf59f4fc0ea690b2,0.00011596384113512924
ck_837be8126bb19250,3.6088653480330447e-05
ck_58955542edee1adc,8.458149426200506e-05
ck_1b93381d8eea58d1,0.0004684208942214473
ck_97b8e05d62abdc14,0.0003194569821322041
ck_71a0d645744302a3,0.0006426442192811363
ck_a7b57882ab66b111,0.00011512016566191283
ck_65f76421be648549,0.0004119857647994082
ck_b53ea8713d32ca7c,0.0005231877494283611
ck_991c4c924a1d85ff,0.9771127544155286
ck_8432ccec1a4ec7fd,0.9965187839508357
ck_64c1633297f43788,6.196034653409009e-05
ck_4291fd9c1161d8e1,0.005459022077468712
ck_5e98ed6391d9f429,0.0027945024947440126
ck_c7baebe4549fdbb4,0.003568236680803859
ck_6e67225ba59fa5ae,0.0020622328460619763
ck_719602def4d35fe0,0.004533592243987356
ck_bdee7c86f5ebe81f,0.003414244195625655
ck_8de38f8c7f91961f,0.019145678230785564
ck_b0b5bf9254700402,0.00016139065575973
ck_7b55d9bb1a250d4f,0.0007720187772306064
ck_3954b7b0fd1d6614,5.690519651690516e-05
ck_f29471fe7c818d6a,0.00010730590740975784
ck_9e65a8a2f587691a,0.00025855838600801536
ck_eaec5f1a83b66eb0,0.16050703266474503
ck_004fe0daecbe2c1a,0.7454824729068174
ck_d17653a4a2d4a79e,0.010034936639072936
ck_0dd417fcbf19e424,0.0004353480491389503
ck_4c99a6eadea143e2,0.0015500884070181221
ck_74d602c907ee9119,0.0001672312472594843
ck_1aa87cb62acc0ac6,0.0018674514936705515
ck_094974d75e29fb2f,0.0024561585383762216
ck_5ef935ac3d4d3332,0.0007051284516242275
ck_b26e4ae47c9107ed,0.973402860373333
ck_396cea6f95186ad2,0.011495742391669101
ck_48446a9e8184c7d4,0.0001760306481502739
ck_31e1ede23247d56b,0.004026327000677052
ck_7afefa349b960a3e,0.00027907223431909587
ck_f5e02a3432571b20,0.007754888801666537
ck_64eefec062592c43,0.0004081183729896526
ck_a1201284122c141f,0.0036317186714435075
ck_1b34c420a4c85a95,0.0005151797435439739
ck_d637a011332ba67a,0.00013941544956704922
ck_99c0004d8b7079f8,0.0001485570344419184
ck_948517bad569b40f,0.00589467968434402
ck_a28d6b1601b472a6,0.02499208563792883
ck_a0b4209feb31f5c0,0.9996152909863733
ck_d6d2c1f6dfc455b6,0.6420470078286805
ck_3f9e6d356d3dd3cf,4.264209077070264e-05
ck_d08e00c842b75176,0.0002689809987488197
ck_bfdd232a7c5f2660,0.0024259027527690396
ck_2cdad03ed069438c,0.0015152373088172873
ck_42317c3eabd0a285,0.969933134343414
ck_3eb73e56751c704d,0.0018890159483222547
ck_ef33c04f4c9e3758,0.0019862615286979006
ck_1dc23dc870f1773d,0.0010207744433507345
ck_76091f357974a152,0.009971453895571735
ck_4d9eb75e8eee90fd,0.0030112017911647715
ck_578f67e69e5d2cfd,0.00016677084781304997
ck_3a8ce1cc724229b8,3.977740305368556e-05
ck_a96887f841e80fc1,0.017780074547932383
ck_d2d4a8f4a9f2c33f,0.0005340631113235156
ck_11f85bc705dbe036,0.0010888230915307548
ck_7429b3f87528e335,0.0001858033487264925
ck_26df74feac7ec51d,0.00045682812290886136
ck_c78b2638fadd91ab,0.00716903397782867
ck_7eaad325abe3b50c,2.100480032558892e-05
ck_fd44e34af620e606,0.006615733807292365
ck_f99738dff854e25f,2.0227254532739142e-05
ck_1ffbce3a239bb264,0.0007111859849874878
ck_96c7d52ba0a766ef,0.0013419740824590991
ck_cb1c00c300af3f9e,0.0002437484779751108
ck_ec3d12848ced99f2,0.001541805903936004
ck_26cfd7c3c6c7bf69,0.0006295450000436704
ck_7ae86b5a885affc3,0.0036365610934546394
ck_3edaa94d28cd48ea,0.0014015681516068694
ck_3209c530c9812e39,0.0001548913488909719
ck_ea62ebfc1f04b49a,0.0002504034883953641
ck_5fc90b4668ea81bf,0.00038101762401702315
ck_95654593cdebd141,0.00014982847405946068
ck_958c0bd61820147f,0.028335162455957564
ck_8440ef1386c07194,0.00017133838473941344
ck_8cd1b68dd74b1375,0.047926863454454564
ck_c9eb4df91ff07f2c,0.005928050789838865
ck_c29489366c01fe65,0.9966492269835047
ck_c965fd6bec0f0ecd,0.0127729957519336
ck_84c402b23766e1f2,0.0007915801925456805
ck_181f3dae03b87136,0.002172552370335446
ck_022a8ae79eb28cf6,0.9980000957152497
ck_469c17407d17b706,0.0037238699586816235
ck_1fcc5843f39148a9,7.906900833927605e-05
ck_5debd55f361b2ddf,0.00013061994129275956
ck_28cb9b03e89263f1,0.00016924190703534187
ck_f067470743d3c7a2,0.0032148515263843453
ck_d5d225ce41a1a762,0.0003360251465039635
ck_15b4840922195ffd,0.0004890871159132666
ck_6bcfa37c717f19f1,0.0034866398548194966
ck_8d501a0386c66be8,0.009981798734084488
ck_1a9d6190c57ea7e2,0.03751003933927452
ck_c49832eabdac5bb7,2.7142637181321048e-05
ck_b4331140b2e0d4aa,0.0001319521102861964
ck_5efbea1befdefe1b,0.03222557952898995
ck_72ff52c4824072ce,0.00604850180081261
ck_ec3715add8bbb6e9,1.7979424114650163e-05
ck_9822f8ed05335741,0.0008663147439096752
ck_c3d7d3d12a1981a3,0.0017069823864109823
ck_a115a7919ac5875a,0.0038159151709113966
ck_4dd4ed23e0b927b7,0.002588668258776886
ck_4c76efcc1ee6762d,0.0003023582112522977
ck_3ad6e7bf452c9b21,0.0006531063274766672
ck_dcbab304b55a42c7,0.013175749660290592
ck_24b53090faf722cf,0.0005924305800602184
ck_187317383400491d,0.0018356919599546604
ck_e07fd57565c94c28,0.004583386134327078
ck_740e760fdcd27835,0.0003577623284246254
ck_d3796aebda1cfed5,0.9316752666762017
ck_e541967c681cb929,0.017930916992616494
ck_431118050b834dcb,4.253214546930818e-05
ck_90f3655f0c8a0074,8.389027849500444e-05
ck_13cd943777651aac,0.0028899925993919402
ck_66accecabf3901c0,0.002778096768037499
ck_937f0da2306b2eb9,0.00017834864383931652
ck_105b0c93573fd5b7,0.9312390880972253
ck_00480407160e0743,0.0003920649781405049
ck_e032068be7b77d15,0.005363356774822366
ck_991b7dfd69098320,1.8539343354602552e-05
ck_37d47cf0f34574a2,0.00014477786174699932
ck_011551a596544f5d,0.00015387558462108745
ck_9acd98f4fe2d474e,0.08655254619639455
ck_7c88d3d377bb61bb,0.0029210182673605222
ck_e2374c7136c964fd,0.007390676119542746
ck_2fa8f2577116e9ca,0.006174774028130009
ck_d07c5b0321c685ea,0.007558049203037975
ck_bc736114a31088a7,0.0005273820818820806
ck_32bb42f9bff197f8,0.0002793050086918215
ck_66267bbad1f1415f,0.9996783929620197
ck_19988702ccd79201,0.0013009467768731254
ck_f473a03fbcdbc4b0,0.0002203327764119407
ck_e3f1d85fa5d49396,0.0010529248283366066
ck_c4402ea6291df271,0.0004788463996516615
ck_243bd5ca8c4ae5d0,0.0001246398623835743
ck_f271e855925e8d6b,0.01940280597143791
ck_e424148c6f2223df,3.332737182680893e-05
ck_e4d0a9e1102a58b5,0.0004130272815900878
ck_91c2a5fe69b9b1d1,0.0006020590425285785
ck_5fd8924732fe403e,0.9856605744254496
ck_9a881d5433126ada,0.004015589058824681
ck_73cab88b29c7845d,0.019066826709202005
ck_5b5dea6476d4e182,0.001014597829740894
ck_ccccb17d2ca6ce94,0.004179312961572142
ck_cd1dc68e441222b1,0.9959538514981823
ck_8312c49b1431a406,0.0003071379335360489
ck_25fea39897f2a559,0.000338442587274771
ck_f56200205280bddf,0.00861094884209249
ck_7336611650dcc088,0.00015628586218202728
ck_590716322ff147ae,0.0014518486580347098
ck_c82364d87875a1a1,0.0025985903473530188
ck_fa4b60387d744fc5,5.6016562387337356e-05
ck_d841eba8906e9a15,0.00016639157986214002
ck_d6df562a79b9d0d9,0.0007243437020178102
ck_59a14d2564193101,7.595296106748015e-05
ck_8530158e3d7f59e7,0.0011582996793364825
ck_ac68d707006c12a8,0.001592552428967386
ck_976fac1bb3dd8c58,0.0014971668616195308
ck_f854fba8f4adae3d,0.010755545425302097
ck_b98e9c3ec6e7d1e7,0.0004576210827522509
ck_803c0b4cf9d4bc1d,0.0035994790983997944
ck_76997a33c3ea5107,7.5367643122572e-05
ck_f1a9d832b700bda1,0.9951195623552019
ck_2bd96ddb8c323d63,0.9984939836207654
ck_9e5b7acf51b1b743,0.000980938935917628
ck_09169f22194fd6aa,0.007780688134120528
ck_6d69e092f9b0848b,0.001895896744008499
ck_9f83fa5a2d3b9049,0.000554965532231766
ck_57bbb19eecb4b87c,0.0001488401731880722
ck_e0e9cfabb979f428,0.00036800113563552827
ck_b1ff9edc51d42f97,0.00021278996774920782
ck_4682fad271d47eb0,0.9810802351763719
ck_ab33fb754c818ae3,0.0011487768141216954
ck_b456f62b80e21557,6.742922862107588e-05
ck_16340be3f2a7fffd,6.066064355048627e-05
ck_ce66831f6611014c,0.0005139296346420699
ck_4610a073bb54d1b1,0.0016776800759804018
ck_fd038a7d33a9d6e5,4.9224727083273785e-05
ck_c8198cb4c461304f,0.0005453550696326141
ck_1e7de58822000dea,0.00017763886643687267
ck_b2a79dd3df560f14,0.002398518168518451
ck_74a06f347b32347f,0.0010119150765836734
ck_c6fdb2972417c9bd,0.0014447015575763129
ck_d7607a213b800bfb,0.001385245905558142
ck_df65967b8b40319c,0.00012892764810089842
ck_329a73dbd585ee09,0.0001621023942264725
ck_74991a9e85c3b07d,0.0034773257389784104
ck_bb76609b79e0bc9f,0.001013278075914463
ck_f7fc1bd0b9ab1fa4,0.012705269459223161
ck_d111c98b36bdb791,0.0007925500358575624
ck_f07e27d125497b66,0.0014738989491712238
ck_093e3a7134e11d6b,7.515765326902958e-05
ck_862c7953bdea48b0,0.0008519824699486497
ck_392cf2cdd515c34d,0.00016378840532671162
ck_80eb91b0b4001084,0.005519147656430179
ck_5923f53b77193a58,0.09637547526472362
ck_8049f5fce32be185,0.9724156267977905
ck_ebc5a2c6cf88e252,0.0014271022696935268
ck_9ea5872f14cce338,0.0003274121228426446
ck_f7fbc95ebf584379,0.0013688841204038966
ck_bafe82c870356706,0.9981143367124965
ck_278b36c5932d9bff,5.5394600801146685e-05
ck_6a892dd5d05c1649,0.0003503070068031002
ck_0734fd90b2cabd43,0.0011926314142358427
ck_9b552204498b6762,0.0006516275110749045
ck_f6c909c205767956,0.0005086184150033218
ck_32f590e87bc3d715,7.139624385097677e-05
ck_66a8325f28be7562,0.00018715662636945615
ck_b129261da9c3c3c9,0.00018099603077034311
ck_a524071c51ddde20,0.0013853631158313325
ck_ba576d6d4cb6130b,0.0014277717242889266
ck_8d8226520722af78,0.013262347352724756
ck_c5b0f0d4f1655a20,0.0024868730498450553
ck_61814ae9b6d8eab1,6.356165281972582e-05
ck_382ebf136f7fa337,0.11505501453844723
ck_423ff4ede6a9f066,0.0009149743206623916
ck_546ad962d04b7de4,0.9991416678363034
ck_9473ea4a01c95f9a,0.0016921052854749939
ck_9eb1da8cd35a50ce,0.00022297115275701602
ck_de5eaa2cdbcb67ff,0.005574408026848551
ck_537cc97d0398c922,0.018061009413389183
ck_998475a2e4dfad4e,0.0005594729249364189
ck_e62eb708d2688fae,0.0015781783141420676
ck_ea623358f704daa7,0.008872402994264022
ck_b911a09f328dfd4b,0.00016282369048793715
ck_4b3506b624e5193c,0.0025057547609000715
ck_448456f96788713b,0.02524356866970242
ck_5d5ef9e75f65d076,0.001667540801771299
ck_3b74512f774a6e5a,9.452284787480875e-05
ck_a032e8ac1507c6df,0.8529925870074627
ck_7e2d6b22a0ae20c2,0.003754641987660142
ck_d80283209c963f11,0.0003035761227107982
ck_d1157eade2ac3975,0.001398698421858808
ck_be48f583f79427f7,0.0007827456267678387
ck_0027b5d4107d65d8,0.012897401866443534
ck_94fff69584dd3b2a,0.00022080007264323407
ck_75fcda73f0b43557,0.0006086456547147973
ck_a1c78972e4ee4082,0.0023628788327057196
ck_f0982bbdbd122f91,0.0007726239183555759
ck_3199b471575aeb3a,5.84488666543406e-05
ck_7fa947a0b1c1cf74,0.0016840591075645015
ck_a60c618b7f0e4252,0.0005190748002486787
ck_722ac47c8ac9b6c3,0.7706390288174629
ck_d44dc3839a195c8a,0.0022423213561899064
ck_a2c3e82fab520483,0.0008109067501149463
ck_6f8ae0319c07cafe,0.0002377674649533476
ck_49886ff1e2c759d6,0.0014212576890069168
ck_150a1108f936e6b0,8.822982606956706e-05
ck_e21f9f96f597695b,0.0001307073340030622
ck_7297bff2b7fdcbc8,7.025539650263079e-05
ck_ee949c71f4f702eb,0.9976461748681842
ck_6fc37dea4b4f35c6,0.001911502994961201
ck_e76257caa98dc25d,0.9912973031066011
ck_828eef2334e17b3a,0.005213317162040551
ck_604e1b8a8c693aa7,0.0001026158550014897
ck_7743c9fe037d1f9e,0.0006288162753947322
ck_864a11202e19e812,0.07378137790015586
ck_4ec040b9e3785e4a,1.62677801560602e-05
ck_7346e4f820d9c00a,0.9043237656667691
ck_48d4d63beb26b623,0.00029591610618154946
ck_c423aa6de3ed1e01,0.0007029445232270787
ck_d74b2ead8aaa3f73,0.000642392695015793
ck_1dd69a11daa7bf1a,0.001159433149185433
ck_d9143e236eef177f,0.0007067443888130412
ck_f790d91e5ff0eccd,0.08908785164377725
ck_69b5620e00ef5dec,5.1890332211789e-05
ck_cd32e58e8a1c0e85,0.008555216107488658
ck_064013b0957d87a5,0.9991174416148345
ck_a481385c2e60dc4a,0.00014160897383178793
ck_d72035cb29db3aa4,0.003270178657663208
ck_3759939a0205306d,0.0003057440108500411
ck_f437a53fc832ec95,0.8959988308990932
ck_260ef2f3e6434819,0.00469995671051185
ck_35e411b05d22f663,0.0006160678102332252
ck_8bf46e472f3e20de,0.04842181181731126
ck_d546994fc5d3e9d1,0.0006543213694457318
ck_6ff0fc7487e737e7,0.01822438059546609
ck_5c67f27816ae0b6f,0.0045911916542159615
ck_c5517923458106ae,0.0002638216732701947
ck_d9735647a6b0b0a7,0.030028628892044155
ck_541a734fc457246f,0.0016537271917416504
ck_2f6a639468f41043,0.0004855089766742157
ck_bea2cf7a6b7bb900,0.00012609167681118023
ck_7eebd0e6ad6c070e,0.0002806617162949876
ck_b64c87d5e3b10e6a,0.8761662399758724
ck_9dd7daacb7833233,0.0005602031469645445
ck_396e9ea9a6c6d7d9,0.0006183377811251594
ck_1645e6cc53fa99ff,0.0003306660110868434
ck_ea2a83ccb8d57490,7.659768728224976e-05
ck_e64f0df63e1be595,0.001907360024381348
ck_fa0b234481cb57d3,0.008316288652738087
ck_63379e3c9fe6f711,0.001203011549380991
ck_c67f7944896a0310,0.07223581825117736
ck_c10e54c9db29e6ef,0.9990802992778925
ck_7184ad7709ae4c80,0.00032354085654274963
ck_f8b6069d7577fde6,8.344506623458528e-05
ck_18444be153bac1ca,0.8814533169576506
ck_d0982b4e0e118e4d,0.0005839833177182568
ck_6faf3e6820398866,0.0007462960787620336
ck_97e980463aca4644,6.511965752313603e-05
ck_630c835243c66b19,0.9993789609165945
ck_fe429ba3e1aa0e4f,0.0005681811483565278
ck_1058129ed7b48c59,0.0007225076674817505
ck_04a1a46f07885296,0.001359137265634731
ck_f01e94331067edf6,0.0010417746553863648
ck_77b2fb17c29f5e72,0.0019782213043951207
ck_4f0c5857da45fb28,0.05236738999359916
ck_2cfb9a7775e8a5bc,0.9757925513416447
ck_6846100e43659bf3,0.0001300155297031423
ck_f89719a854fe11d7,0.008669934255541023
ck_bf47375e41ca3bc0,3.576376124540873e-05
ck_2770b0400a7bef08,0.000942039348276466
ck_2a09d142de1c77ff,0.0010346298659725135
ck_857a1f5547b9ad68,0.0020597586133473036
ck_185f15b1523bbcf4,0.00023830005499102442
ck_ab2aed614ec1cdf8,0.0029417412174952452
ck_a9e7f3b2d5dfd97b,0.00042249088520464144
ck_0eeb3d9b3e697edb,0.002639792618779875
ck_fa5830d81bc8ddc1,1.914851705653261e-05
ck_231ae0329ebc3220,9.253201413516485e-05
ck_1587763dd54688c9,4.2333992920834924e-05
ck_9f85fea4490c00cf,0.0006497775922754094
ck_a2d709e7eb91e4af,0.007646586927579945
ck_43637d28c7216453,9.388766032930262e-05
ck_f3ab5dd853d38252,0.003109135355281239
ck_4a1f0172d3bf4fd3,0.0005752421250489961
ck_517620ca16505af0,0.0006992293298101048
ck_9ae904fbef56065c,1.985186258448045e-05
ck_d5ef1f6e34bb35b8,0.014744288599561325
ck_ff42557857ae3aeb,0.00011028162707338527
ck_ad9a18f58589faa7,4.2131420184137884e-05
ck_df1a6edaa3e6b271,0.00039234179224196495
ck_99021fe7225b5a68,0.002829271455688175
ck_99e52c3c2530b69e,0.9985243508122916
ck_3a4811dc4a1a891d,8.681593282363885e-05
ck_ba3a6be026c87079,0.0001672518288591372
ck_da6d1e5cf6aba6fd,0.00011337520098546203
ck_ddc7c1f3d45fe6e6,0.000640616846101389
ck_e1b1e7a7e4a15b3e,0.00017293440255294865
ck_8288f7f226e08b89,0.000527022410363198
ck_c4524993ec31dbe5,0.0008127592811831593
ck_8b19bb5b23b6741c,0.003980735934572631
ck_d21b38231a8a9f4a,0.015233497321154555
ck_3f730318a9792292,0.0017852828079614688
ck_a4db6e94a8f77f9d,0.0053835341711867355
ck_a8cac8d480306839,8.271776435299889e-05
ck_5472214011fbc2a7,0.00016053294446116727
ck_7356f47dbbbe7904,0.00010595036693189089
ck_16801e628e883d78,0.0007133940177604883
ck_0dc1e536231c4860,0.0004797666589553428
ck_7cd0634a6e60af83,0.00152776135593388
ck_ef6f8e048ae1bd4b,0.0011600967880692088
ck_82f3f744209888ac,0.0009393964110517575
ck_f33188c232a03526,0.018342266204040072
ck_4a59f4e10bf45d7f,0.00014259664991958068
ck_d96c893721385e4e,1.0147438083034512e-05
ck_f65ab819373edb37,0.0010702559432560481
ck_21cac21fc10b7768,0.00021758165914824272
ck_139b54e6ccbdd7da,0.2597548827246844
ck_d6f5c8741697abb3,0.01985094625477415
ck_a28d9bb5590d458f,0.07762157364601066
ck_ed26d906883bea0a,0.0012146567137133197
ck_227602ad072b838b,5.64011657014059e-05
ck_39d5f6c17c745ab1,7.430514141510655e-05
ck_744eade757ba69b5,0.017562241435088437
ck_c1295d97cdf35ec2,0.0035075764203578593
ck_69105f881da3c821,0.007389550248352308
ck_933789b55361d7c1,0.9549675399959231
ck_b667952253503174,0.0002828233723130631
ck_7bf668e25abeeb05,0.00023123477691222897
ck_91742711dfdffd56,0.001329899349485939
ck_af32a0660090dd68,0.0024676538572824505
ck_2122f201e65f76ee,0.0004958200810878668
ck_f48acb73a5d6af07,0.0404351231763745
ck_337c5684510cf432,0.0007933629044467905
ck_f7bde7265053364d,0.0010529225958179787
ck_c190c7b924edba75,0.008047391717608317
ck_044fa3b3a003f0b5,0.01434971447791542
ck_87eb43e3b9d96169,0.008897023012094142
ck_2d3d6c9364362017,3.89751359373202e-05
ck_ac55dc6cbcdf8228,0.0006914428078270217
ck_61d7b0568ec5d6cf,0.003674974153427253
ck_89c74feeaffa7d09,0.00015705888832738478
ck_93776b0c113f41f0,0.0029707456517884916
ck_15e0b679931f7a8d,0.0002624834408063205
ck_77b56c49cfdb1d81,0.010279001834230677
ck_73188a826b5f499f,0.0004550095676874186
ck_4f463ef25325ddfa,0.9735514397893625
ck_863db2e394dc47d1,0.9966568566657406
ck_d52432ed597f3cc9,0.0004065498288338737
ck_04fb61e5739642f8,0.002543960003461141
ck_2e481d75d110c06d,0.03168931013804286
ck_3fa1a523d77cd619,0.004665860458504959
ck_466dc6274fecd708,0.0002552689078661647
ck_e1790b3aa2241b10,0.9517361249018664
ck_84ad096a46e1a960,0.0018213231259993864
ck_3be72c9c178fa00d,0.004512013064847838
ck_5a17c89219d1d9fe,0.00033438606042085565
ck_4f639f4ee6ce8d9e,0.0013657362043931265
ck_f4ec4a935e51b4db,0.0021915087463260613
ck_f04040a830f92bac,0.00012549879935283643
ck_3e4d02a04be2aaf8,0.001472427090696923
ck_4d1baef193cfb900,0.0012707819061282312
ck_0fb3153d37626b75,2.905648640240303e-05
ck_88ec57a11b11f702,0.9953835943870556
ck_dca9dc465f759db4,8.050318348714664e-05
ck_64f5fba6af67e024,0.0004185595849980635
ck_896096cb167254ef,0.003293768020912568
ck_7878679065876b98,0.0008618427915120769
ck_fe8e5a6c880ceb4e,0.00043918342252895844
ck_a5e036327d3d1862,2.5476123711460866e-05
ck_310f73940fc4cf4f,0.0017221981822871317
ck_46a8db16ad00b749,0.0010484387527043124
ck_0d33977c3de8cfaf,0.9996196652995961
ck_c6fff412f531db0f,0.00010294390512950248
ck_bac6dadf428eaea9,0.0004486485104641133
ck_1b96d9af0d7da2d5,0.00045342502360147356
ck_fa8a4a9e77799fcc,0.0004806913619910623
ck_0bf48607a874b4d1,0.00010648265203027531
ck_eeb75f8a6439f65e,0.003038989959106258
ck_a209a5f7d172125e,0.00031248236215418717
ck_8f346b72fb40bf14,0.00036238079112074816
ck_bccbf9fef367f00f,0.009216113057358248
ck_2d1548f1ee405cc9,0.00011017698540247497
ck_e8298ff2dc1e9d50,0.0005090653940628331
ck_77c0fb524edb4a94,0.00047230672433106586
ck_28ac4c5134cb8e77,0.0018278423961393573
ck_db23a0e3e54be60c,0.6158799809047082
ck_a059d00cee5cee99,0.0004686052677841377
ck_3e9e3bba8bd363af,0.0005222922025570575
ck_0428728df24cdab4,0.0004789445475696551
ck_88cd35378075c84f,6.150900627193695e-05
ck_0174d76398d9dc0f,0.0009958244810984796
ck_3f1287e6c27de0dc,0.0009680613144854339
ck_ff822700f3605e06,0.9990281587248558
ck_4563227b2038ae07,0.018910086850928213
ck_788e78065526ee19,0.001481634450513487
ck_8a16eb584093b12f,0.0005729630115152878
ck_cc276f71ab6c08fd,0.003722143635219722
ck_d61d97b21002f3e9,0.002374344574896763
ck_4b2e87d86a5e415c,0.0022968103599475447
ck_3e6f35e4500d2f2a,0.00013815313507502188
ck_3acdb083e0d8ad61,0.0001447667770151233
ck_cd655202db489010,6.321924273730915e-05
ck_829cbf5ccda481ae,8.508333476849344e-05
ck_f5882e6f98b8b4cd,0.00014923007420677322
ck_767947540b234add,0.00045638347771547713
ck_a6e8e8f535b1f1d1,0.019105718405690673
ck_58412a2674fea506,0.000434219736265879
ck_fae7e518a585fa61,0.0007685926732866523
ck_9c60ae6958d68dbd,0.014779836840704228
ck_328696b8f5e54ec6,0.021268156731523578
ck_7df3f8f4f1068d62,0.001116129949438912
ck_cfadd21458230ef7,0.0002584151349554407
ck_7048bedd554c703b,0.0001095465561014591
ck_50422466f145bfd7,8.168249731279019e-05
ck_61e1f7168cd9ff25,0.002219532688174895
ck_733aff0f56f5b3c9,0.027373079307403868
ck_e14892e424180549,0.00020618485929652482
ck_03f6664a96de7d0f,0.007039011957283615
ck_b7f4baa2cc82fe61,0.00013250050708782276
ck_1e51199a075ca0fa,0.00038921213250250436
ck_0e70516fa07cfb17,0.969589767068732
ck_0f37c554a5057801,0.8605571392361407
ck_5576b725de38d106,0.013133564001779782
ck_82f360df1e9f4eb8,0.0018936729492005054
ck_395f3bd4aacd7ca6,0.0005376130339687109
ck_5e8e857b63966609,0.026070203009354396
ck_93470896f0804b6b,0.9642222477095796
ck_3be854e42e76569a,0.0005759476702991729
ck_0567302c57a2417e,0.02077232369152686
ck_ee535461b5f05539,0.9066500337129971
ck_94a096c36162a153,0.000730281492052096
ck_dfc8f5c141fd7c63,0.0012756084738215524
ck_98b34f2d704c1c2a,0.0007410738893394809
ck_96dff7a09d45f116,0.004209592500211576
ck_79557434c129ba52,0.0006110746769891732
ck_4596624a7c01d501,0.00044989746495897106
ck_04e89fbd739243fa,4.001256677732463e-05
ck_6149ffaf18872dc8,6.0689665968798054e-05
ck_cd78f0832a09bd8f,0.7663279557783144
ck_7e29c10d781c3b41,0.00028625105296585887
ck_1f7ee7b23fc6f2f4,0.0006797300882967017
ck_c49b685d2b3ab89a,0.0002694000759281882
ck_84569a8fc50e73ac,0.001991990626904962
ck_b92b11d205af91eb,1.2357231257055542e-05
ck_06280e6d6d2485b0,0.0024954741784671986
ck_3c08546dd0c92863,0.001264640429881723
ck_99d3983f907828bf,0.00017456197180815085
ck_eccfd552aa652d3c,0.0029067492753456258
ck_0cff8153881875ba,0.0003346650885433151
ck_c1aebbeca6ab5ff9,0.00102117879560166
ck_538fdbbb3c2bcbbb,0.0017265690032389307
ck_8c0210322733c718,0.00017525323823803162
ck_0b0c93039f987abc,0.00020878846408166408
ck_6d07d6d1bd227d37,0.008576646426287672
ck_9b6ee35e8cd0b11c,5.3130745304091854e-05
ck_d838491d3d4f5ecf,0.00025347942991844056
ck_0593ae243a9ebee9,0.0015423252027769263
ck_ef261fc09be8eb0b,0.00015756327128340207
ck_d0935b571a4a3868,0.0018736307695485074
ck_97d04a67a104af39,0.005749097792049779
ck_e25f70d0b7229420,0.0005317257030707055
ck_9b71274ff83de482,0.9889344595606797
ck_6de2aa2bb60978d3,0.001533384466272177
ck_eda55c8fb47593d7,0.0008824300145802924
ck_924e572517515f19,0.9342659423745548
ck_d6f27eacbad310f4,0.0007771996167814346
ck_8550f229b5eb03ab,0.00022011096465876924
ck_e3e95546a84d0ed8,0.00043032156578545907
ck_3135c019696ee6af,0.9952239024589549
ck_41ba315d8fccb559,0.0009123119562965686
ck_72b86e4485da2d0f,0.9939766149807967
ck_daaa995f3c2f0e47,0.001728086700851817
ck_053746067839696b,0.0004939781259345348
ck_a15fe7d0f4b65c33,0.8306786995288401
ck_15de11438732bb05,0.0005307094117964274
ck_2c4d25acbe3fabd9,0.0012326412408078494
ck_7f08078908599bd2,0.005710332665118625
ck_e794741742fb2619,0.0006641557792509299
ck_238e53b6dee8c301,8.1076958257026e-05
ck_53a6a33060d5c8b8,0.0001381683933645356
ck_0e0919292ad33472,0.9848954370044257
ck_d86ccf148c06c8c8,0.03987271123289039
ck_c881f26c9bf9ae42,0.3457332603125289
ck_4b0947bf94e9d847,0.0021783688734531743
ck_e10ff5c38bd18470,0.0003001973353653256
ck_b60de9e97aad9e45,0.9938331129716255
ck_190bc849e5ff5401,0.001149408568197806
ck_e7be077aa0b2632c,0.0002968231874934539
ck_a51abde881ebeff3,0.00046770552307345695
ck_2208392a9f6bd249,0.0008711408562052192
ck_0259da8f109017e9,0.00024016950877301513
ck_05e01ab9c95449da,0.0019261032647531844
ck_c82897ebffb6ae66,0.0006426254444663287
ck_b4a6bb4689cd7cfa,0.004979862608753635
ck_9e21ea33018ce538,0.00042540699686907283
ck_caa348f0e65db062,0.9986426664019417
ck_a964e6b5d8415334,0.024098370768368203
ck_510bfbbee37ff436,0.02032116580858016
ck_9741a82faf5c7889,0.016530644732374818
ck_e7f61b4a39ba98ac,0.00022511588340309524
ck_069d158665a53909,0.000825883272257084
ck_6426427efe3228af,0.005643824217874369
ck_ab4a8d02ec3c0fd7,4.2164876490499034e-05
ck_aefa0d8d933e0eca,0.0035124093833843436
ck_232325ef6bce92f1,0.0011440325718841237
ck_14e58c3fb26a2b4d,0.0007949307034688424
ck_06e73afdec26aecc,0.015688505502294395
ck_3168f4f2778d64e1,0.001536626647858701
ck_ff3998d6858daa21,0.00021226980356759827
ck_bccff46fb0868454,0.0069070998311140585
ck_c7d444d90fa86d7c,0.03443465553166121
ck_f0bc3bdee6bfbb94,0.0007842643784437517
ck_f7112818a6d81422,0.0004885693927419535
ck_aca35dbcb835ad02,0.0008747554058922133
ck_f637fabf0f60528f,0.00021382721702534728
ck_53d17ab97de1ac3e,0.0003504160882072652
ck_c8c1bf16d9113493,0.005181604401264482
ck_e842fb0cf055a83b,0.02378840357683878
ck_93c0cb3dac4891fe,8.896360285038742e-05
ck_0c1f088e17e46daf,0.027977153418738826
ck_8f4b384955bf57c9,0.0006558611028827459
ck_09cd5c4df1e81ac2,0.8898318246200643
ck_1e832a5b2342554f,0.005653773284559018
ck_2cb763a881aee27f,2.770696099677258e-05
ck_5875828b11406398,0.002811938115228531
ck_48e84b0cb0b90fa7,0.00020363049227325723
ck_833688de8629c5c0,0.00032476480046669543
ck_117d78ccd5820f36,0.0018489279525469302
ck_668ec61c4c39cae3,0.00036901103162654116
ck_73a7794b659d7a34,0.00026652600514128215
ck_10f90d879209734f,0.0029173302171176447
ck_d1d079913aa158bf,7.640327576235706e-05
ck_01c631b38e8a9535,0.004991965273125474
ck_f6923088c17a04e2,0.0013030717025105784
ck_b447badc9138987d,4.661565281630131e-05
ck_8b772caed8f1541c,5.487914131933957e-05
ck_5403c76fe68a08ba,0.48703831598247777
ck_3e6833574edf1736,0.0031690392810230267
ck_e527fbb9450a4581,0.9612231506088962
ck_cc90e219f1ebf390,7.648519909195115e-05
